{
  "Axis: None": {
    "Label: G7 - Condition number": {
      "x_data": [
        100.0,
        819200.0,
        13107200.0,
        402653184.0
      ],
      "y_data": [
        166.01527385444527,
        749.8821559134763,
        1141.9433634753866,
        8029.668753191532
      ],
      "y_abserr": [
        11.794746880172408,
        48.579108184498956,
        76.14548645434643,
        659.9168424733338
      ],
      "y_relerr": [
        0.07104615500928856,
        0.06478232319759875,
        0.06668061559778718,
        0.08218481518444186
      ]
    },
    "Label: G7 - BICGSTAB #iteration steps": {
      "x_data": [
        100.0,
        819200.0,
        13107200.0,
        402653184.0
      ],
      "y_data": [
        48.519999999999996,
        365.12,
        688.9200000000001,
        1424.2800000000002
      ],
      "y_abserr": [
        2.060922123710646,
        10.871034909335908,
        16.460601447091786,
        32.17386206223926
      ],
      "y_relerr": [
        0.04247572390170334,
        0.02977386861671754,
        0.023893342401282856,
        0.02258956248928529
      ]
    }
  }
}