{
  "Axis: LMA": {
    "Label: Stochastic estimator": {
      "x_data": [
        1.0,
        2.0,
        4.0,
        8.0,
        16.0,
        32.0,
        64.0,
        128.0,
        256.0,
        512.0,
        1024.0,
        2048.0,
        4096.0
      ],
      "y_data": [
        4.311870931570444e-09,
        2.156874758816074e-09,
        1.0731294535569182e-09,
        5.507553490520192e-10,
        2.858020700804341e-10,
        1.561719073880859e-10,
        8.96512029760662e-11,
        5.2837051639741756e-11,
        3.49293076819351e-11,
        2.4091637778279794e-11,
        1.6552650998572886e-11,
        1.2614748540675746e-11,
        1.1015794585654876e-11
      ],
      "y_abserr": [
        6.528342241170867e-10,
        3.240811736155718e-10,
        1.5641764740346417e-10,
        8.105591314481025e-11,
        4.160652792066464e-11,
        2.41403780010637e-11,
        1.501888136281758e-11,
        9.381912288977446e-12,
        6.943928218094842e-12,
        5.700412300297692e-12,
        4.565356937363494e-12,
        4.0667755610592336e-12,
        3.928861445499462e-12
      ],
      "y_relerr": [
        0.151403934504903,
        0.15025497993840986,
        0.1457584142202168,
        0.14717226675024897,
        0.14557811953200755,
        0.15457567500328379,
        0.16752570924036686,
        0.1775631303757452,
        0.19879948040556597,
        0.23661373098664928,
        0.2758082036380217,
        0.3223826101603279,
        0.3566571085680694
      ]
    },
    "Label: L0: rest-rest + rest-eigen": {
      "x_data": [
        1.0,
        2.0,
        4.0,
        8.0,
        16.0,
        32.0,
        64.0,
        128.0,
        256.0,
        512.0,
        1024.0,
        2048.0
      ],
      "y_data": [
        2.153428687079047e-10,
        1.0860116443293495e-10,
        5.482849920398059e-11,
        2.785281910625782e-11,
        1.4475370028350333e-11,
        7.685630137177843e-12,
        4.406058177181976e-12,
        2.5929817411309795e-12,
        1.639737150540861e-12,
        1.0323847631743035e-12,
        5.450044619562306e-13,
        3.7199731001514797e-13
      ],
      "y_abserr": [
        1.2862069240947208e-11,
        6.605008635488698e-12,
        3.3586079070832287e-12,
        1.7002501887688507e-12,
        8.700610192668608e-13,
        4.924992813606643e-13,
        3.281678708108924e-13,
        1.9736229104683264e-13,
        1.3512994923875468e-13,
        1.136232804917787e-13,
        6.065133605958491e-14,
        5.430053816915574e-14
      ],
      "y_relerr": [
        0.059728326821881304,
        0.06081894858104882,
        0.06125660843985661,
        0.06104409691106807,
        0.060106305922600044,
        0.06408053374547498,
        0.07448105712956833,
        0.07611403039064565,
        0.08240951861960472,
        0.11005904440357867,
        0.11128594404875869,
        0.145970244158337
      ]
    },
    "Label: L1: eigen-eigen (exact)": {
      "x_data": [
        0.5,
        1.0,
        2.0,
        4.0,
        8.0,
        16.0,
        32.0,
        64.0,
        128.0,
        256.0,
        512.0,
        1024.0,
        2048.0,
        4096.0,
        8192.0
      ],
      "y_data": [
        9.857811037488861e-12,
        9.857811037488861e-12,
        9.857811037488861e-12,
        9.857811037488861e-12,
        9.857811037488861e-12,
        9.857811037488861e-12,
        9.857811037488861e-12,
        9.857811037488861e-12,
        9.857811037488861e-12,
        9.857811037488861e-12,
        9.857811037488861e-12,
        9.857811037488861e-12,
        9.857811037488861e-12,
        9.857811037488861e-12,
        9.857811037488861e-12
      ],
      "y_abserr": [
        3.2272121384870773e-12,
        3.2272121384870773e-12,
        3.2272121384870773e-12,
        3.2272121384870773e-12,
        3.2272121384870773e-12,
        3.2272121384870773e-12,
        3.2272121384870773e-12,
        3.2272121384870773e-12,
        3.2272121384870773e-12,
        3.2272121384870773e-12,
        3.2272121384870773e-12,
        3.2272121384870773e-12,
        3.2272121384870773e-12,
        3.2272121384870773e-12,
        3.2272121384870773e-12
      ],
      "y_relerr": [
        0.32737614123603287,
        0.32737614123603287,
        0.32737614123603287,
        0.32737614123603287,
        0.32737614123603287,
        0.32737614123603287,
        0.32737614123603287,
        0.32737614123603287,
        0.32737614123603287,
        0.32737614123603287,
        0.32737614123603287,
        0.32737614123603287,
        0.32737614123603287,
        0.32737614123603287,
        0.32737614123603287
      ]
    },
    "Label: Gauge variance $\\sigma_{\\mathcal{G}}^2$": {
      "x_data": [
        0,
        8192
      ],
      "y_data": [
        9.968617073602735e-12,
        9.968617073602735e-12
      ],
      "y_abserr": [
        3.813924167316863e-12,
        3.813924167316863e-12
      ],
      "y_relerr": [
        0.3825931058598163,
        0.3825931058598163
      ]
    }
  },
  "Axis: 2-level MG LMA": {
    "Label: Stochastic estimator": {
      "x_data": [
        1.0,
        2.0,
        4.0,
        8.0,
        16.0,
        32.0,
        64.0,
        128.0,
        256.0,
        512.0,
        1024.0,
        2048.0,
        4096.0
      ],
      "y_data": [
        4.311870931570444e-09,
        2.156874758816074e-09,
        1.0731294535569182e-09,
        5.507553490520192e-10,
        2.858020700804341e-10,
        1.561719073880859e-10,
        8.96512029760662e-11,
        5.2837051639741756e-11,
        3.49293076819351e-11,
        2.4091637778279794e-11,
        1.6552650998572886e-11,
        1.2614748540675746e-11,
        1.1015794585654876e-11
      ],
      "y_abserr": [
        6.528342241170867e-10,
        3.240811736155718e-10,
        1.5641764740346417e-10,
        8.105591314481025e-11,
        4.160652792066464e-11,
        2.41403780010637e-11,
        1.501888136281758e-11,
        9.381912288977446e-12,
        6.943928218094842e-12,
        5.700412300297692e-12,
        4.565356937363494e-12,
        4.0667755610592336e-12,
        3.928861445499462e-12
      ],
      "y_relerr": [
        0.151403934504903,
        0.15025497993840986,
        0.1457584142202168,
        0.14717226675024897,
        0.14557811953200755,
        0.15457567500328379,
        0.16752570924036686,
        0.1775631303757452,
        0.19879948040556597,
        0.23661373098664928,
        0.2758082036380217,
        0.3223826101603279,
        0.3566571085680694
      ]
    },
    "Label: L0: Fine grid": {
      "x_data": [
        1.0,
        2.0,
        4.0,
        8.0,
        16.0,
        32.0,
        64.0,
        128.0,
        256.0,
        512.0,
        1024.0,
        2048.0
      ],
      "y_data": [
        7.515182923522847e-12,
        3.772811761598172e-12,
        1.8981829879747415e-12,
        9.626689456721337e-13,
        4.934536853006723e-13,
        2.593584400356352e-13,
        1.4246027943623492e-13,
        8.219167934661538e-14,
        4.6279832681263646e-14,
        2.7508890216809318e-14,
        1.5747428868150124e-14,
        1.1585193600756298e-14
      ],
      "y_abserr": [
        4.4747968751999077e-13,
        2.279449669169049e-13,
        1.1347996716970825e-13,
        5.730385623465789e-14,
        2.9101948794411204e-14,
        1.5499100143441442e-14,
        8.435189229643894e-15,
        5.8063171549574076e-15,
        3.4168972087833517e-15,
        2.384094596318075e-15,
        1.7434236129834323e-15,
        1.729288991991502e-15
      ],