{
  "Axis: None": {
    "Label: G7 - Dirac operators": {
      "x_data": [
        0.0013470649719238281,
        11.03515625,
        60.0,
        176.5625
      ],
      "y_data": [
        6.038e-05,
        0.0008018000000000001,
        0.009789999999999998,
        0.023119999999999998
      ],
      "y_abserr": [
        4.420407221060081e-07,
        8.602325267042723e-07,
        1.8708286933869593e-05,
        0.0034412788320622896
      ],
      "y_relerr": [
        0.007320979167042201,
        0.0010728766858372066,
        0.0019109588287915828,
        0.1488442401411025
      ]
    },
    "Label: Fit $f(x) = a x$": {
      "x_data": [
        0.0013470649719238281,
        11.03515625,
        60.0,
        176.5625
      ],
      "y_data": [
        1.8059537020750222e-07,
        0.0014794372727398582,
        0.008043949206826273,
        0.02367099636383773
      ]
    }
  }
}