{
  "Axis: E7: at $t = 1.3\\,fm\\,(t/a = 20)$": {
    "Label: Stochastic estimator $\\sigma^2_G$": {
      "x_data": [
        1.0,
        2.0,
        4.0,
        8.0,
        16.0,
        32.0,
        64.0,
        128.0,
        256.0,
        512.0,
        1024.0,
        2048.0,
        4096.0
      ],
      "y_data": [
        4.311870931570444e-09,
        2.156874758816074e-09,
        1.0731294535569182e-09,
        5.507553490520192e-10,
        2.858020700804341e-10,
        1.561719073880859e-10,
        8.96512029760662e-11,
        5.2837051639741756e-11,
        3.49293076819351e-11,
        2.4091637778279794e-11,
        1.6552650998572886e-11,
        1.2614748540675746e-11,
        1.1015794585654876e-11
      ],
      "y_abserr": [
        6.528342241170867e-10,
        3.240811736155718e-10,
        1.5641764740346417e-10,
        8.105591314481025e-11,
        4.160652792066464e-11,
        2.41403780010637e-11,
        1.501888136281758e-11,
        9.381912288977446e-12,
        6.943928218094842e-12,
        5.700412300297692e-12,
        4.565356937363494e-12,
        4.0667755610592336e-12,
        3.928861445499462e-12
      ],
      "y_relerr": [
        0.151403934504903,
        0.15025497993840986,
        0.1457584142202168,
        0.14717226675024897,
        0.14557811953200755,
        0.15457567500328379,
        0.16752570924036686,
        0.1775631303757452,
        0.19879948040556597,
        0.23661373098664928,
        0.2758082036380217,
        0.3223826101603279,
        0.3566571085680694
      ]
    },
    "Label: Gauge variance $\\sigma_{\\mathcal{G}}^2$": {
      "x_data": [
        0,
        8192
      ],
      "y_data": [
        9.968617073602735e-12,
        9.968617073602735e-12
      ],
      "y_abserr": [
        3.813924167316863e-12,
        3.813924167316863e-12
      ],
      "y_relerr": [
        0.3825931058598163,
        0.3825931058598163
      ]
    }
  }
}