{
  "Axis: LMA": {
    "Label: Stochastic estimator": {
      "x_data": [
        2.1056,
        3.1584,
        4.2112,
        6.3168
      ],
      "y_data": [
        4.311870931570444e-09,
        8.534154985869615e-10,
        3.7709738217448126e-10,
        1.0468447122654626e-10
      ],
      "y_abserr": [
        6.528342241170867e-10,
        2.699132397053705e-11,
        7.740022996126432e-12,
        3.5165303613336985e-11
      ],
      "y_relerr": [
        0.151403934504903,
        0.03162741245645034,
        0.020525263133609233,
        0.33591709640712825
      ]
    },
    "Label: L0: rest-rest + rest-eigen": {
      "x_data": [
        2.1056,
        3.1584,
        4.2112,
        6.3168
      ],
      "y_data": [
        2.1768014031378856e-10,
        3.5218009371436004e-10,
        2.5984846073949745e-10,
        8.03359520698341e-11
      ],
      "y_abserr": [
        1.4483067161086517e-11,
        6.643694958638589e-12,
        6.042832154496574e-12,
        2.093652840463389e-11
      ],
      "y_relerr": [
        0.06653370923139337,
        0.018864481772859765,
        0.023255216279901757,
        0.26061218999974345
      ]
    },
    "Label: L1: eigen-eigen (exact)": {
      "x_data": [
        2.1056,
        3.1584,
        4.2112,
        6.3168
      ],
      "y_data": [
        9.857811037488861e-12,
        1.8228392691501157e-13,
        1.4652358196230792e-14,
        1.2962574137527323e-16
      ],
      "y_abserr": [
        3.2272121384870773e-12,
        2.3053829280349515e-14,
        2.915260028011943e-15,
        1.0989744011207791e-16
      ],
      "y_relerr": [
        0.32737614123603287,
        0.1264720903840204,
        0.19896183187508149,
        0.8478056823136627
      ]
    },
    "Label: Gauge variance $\\sigma_{\\mathcal{G}}^2$": {
      "x_data": [
        2.1056,
        3.1584,
        4.2112
      ],
      "y_data": [
        9.968617073602735e-12,
        2.965377290869163e-13,
        1.3537053115309005e-13
      ],
      "y_abserr": [
        3.813924167316863e-12,
        1.6337628518553126e-13,
        7.624402182222672e-14
      ],
      "y_relerr": [
        0.3825931058598163,
        0.5509460320229439,
        0.5632246632467048
      ]
    }
  },
  "Axis: 2-level MG LMA": {
    "Label: Stochastic estimator": {
      "x_data": [
        2.1056,
        3.1584,
        4.2112,
        6.3168
      ],
      "y_data": [
        4.311870931570444e-09,
        8.534154985869615e-10,
        3.7709738217448126e-10,
        1.0468447122654626e-10
      ],
      "y_abserr": [
        6.528342241170867e-10,
        2.699132397053705e-11,
        7.740022996126432e-12,
        3.5165303613336985e-11
      ],
      "y_relerr": [
        0.151403934504903,
        0.03162741245645034,
        0.020525263133609233,
        0.33591709640712825
      ]
    },
    "Label: L0: Fine-grid": {
      "x_data": [
        2.1056,
        3.1584,
        4.2112,
        6.3168
      ],
      "y_data": [
        7.50297714224939e-12,
        5.419287769671427e-12,
        3.235803675128807e-12,
        5.723398310818514e-13
      ],
      "y_abserr": [
        4.698295729557961e-13,
        8.392782741116596e-14,
        3.867033866592297e-14,
        1.1379641898199506e-13
      ],
      "y_relerr": [
        0.06261908627045895,
        0.015486874101955013,
        0.011950767892116826,
        0.19882666346477085
      ]
    },
    "Label: L1: Coarse-grid": {
      "x_data": [
        2.1056,
        3.1584,
        4.2112,
        6.3168
      ],
      "y_data": [
        4.299115295001181e-09,
        8.023364418357598e-10,
        3.4581045153779344e-10,
        9.920907192900449e-11
      ],
      "y_abserr": [
        6.860032656802771e-10,
        2.620327031036837e-11,
        8.66414333635996e-12,
        3.371144350973535e-11
      ],
      "y_relerr": [
        0.15956847365269106,
        0.03265870642796036,
        0.025054602305486014,
        0.3398020246964891
      ]
    },
    "Label: Gauge variance $\\sigma_{\\mathcal{G}}^2$": {
      "x_data": [
        2.1056,
        3.1584,
        4.2112
      ],
      "y_data": [
        9.968617073602735e-12,
        2.965377290869163e-13,
        1.3537053115309005e-13
      ],
      "y_abserr": [
        3.813924167316863e-12,
        1.6337628518553126e-13,
        7.624402182222672e-14
      ],
      "y_relerr": [
        0.3825931058598163,
        0.5509460320229439,
        0.5632246632467048
      ]
    }
  }
}