{
  "Axis: LMA": {
    "Label: Stochastic estimator": {
      "x_data": [
        1.0,
        2.0,
        4.0,
        8.0,
        16.0,
        32.0,
        64.0,
        128.0,
        256.0,
        512.0,
        1024.0
      ],
      "y_data": [
        3.7709738217448126e-10,
        1.862869522999734e-10,
        9.402601932442597e-11,
        4.7068540945145967e-11,
        2.374495531114899e-11,
        1.1943116255254037e-11,
        6.141769423136993e-12,
        3.2114351709885722e-12,
        1.6119806387860178e-12,
        8.835689501915943e-13,
        5.037062914537086e-13
      ],
      "y_abserr": [
        7.740022996126432e-12,
        3.946401051294037e-12,
        2.1132679308870193e-12,
        1.2460150504325025e-12,
        7.571073374425928e-13,
        3.924871759613105e-13,
        2.7191660612931764e-13,
        1.8353700427980354e-13,
        1.194314925114616e-13,
        8.956909940933259e-14,
        7.547061786410113e-14
      ],
      "y_relerr": [
        0.020525263133609233,
        0.021184527432384217,
        0.022475352525511385,
        0.026472353410840116,
        0.03188497630429767,
        0.03286304575563743,
        0.044273333529091116,
        0.0571510849534931,
        0.07408990507566234,
        0.10137194091067855,
        0.14983060395432246
      ]
    },
    "Label: L0: rest-rest + rest-eigen": {
      "x_data": [
        1.0,
        2.0,
        4.0,
        8.0,
        16.0,
        32.0,
        64.0,
        128.0,
        256.0
      ],
      "y_data": [
        2.5984846073949745e-10,
        1.286194854851203e-10,
        6.379539824345027e-11,
        3.301837101179383e-11,
        1.625039919308591e-11,
        7.420936065382988e-12,
        3.689637048715901e-12,
        1.6301385921233723e-12,
        9.070407136866878e-13
      ],
      "y_abserr": [
        6.042832154496574e-12,
        3.3946949544432366e-12,
        2.057180592128171e-12,
        1.3282555211628627e-12,
        9.32168663177111e-13,
        5.494891090960227e-13,
        4.583873359226882e-13,
        3.235079944565761e-13,
        2.9340629263669935e-13
      ],
      "y_relerr": [
        0.023255216279901757,
        0.02639331779037447,
        0.032246535781119245,
        0.040227772614476444,
        0.05736281626692116,
        0.07404579479659808,
        0.1242364302695356,
        0.19845428850020888,
        0.3234764307813072
      ]
    },
    "Label: L1: eigen-eigen (exact)": {
      "x_data": [
        0.5,
        1.0,
        2.0,
        4.0,
        8.0,
        16.0,
        32.0,
        64.0,
        128.0,
        256.0,
        512.0,
        1024.0,
        2048.0
      ],
      "y_data": [
        1.4652358196230792e-14,
        1.4652358196230792e-14,
        1.4652358196230792e-14,
        1.4652358196230792e-14,
        1.4652358196230792e-14,
        1.4652358196230792e-14,
        1.4652358196230792e-14,
        1.4652358196230792e-14,
        1.4652358196230792e-14,
        1.4652358196230792e-14,
        1.4652358196230792e-14,
        1.4652358196230792e-14,
        1.4652358196230792e-14
      ],
      "y_abserr": [
        2.915260028011943e-15,
        2.915260028011943e-15,
        2.915260028011943e-15,
        2.915260028011943e-15,
        2.915260028011943e-15,
        2.915260028011943e-15,
        2.915260028011943e-15,
        2.915260028011943e-15,
        2.915260028011943e-15,
        2.915260028011943e-15,
        2.915260028011943e-15,
        2.915260028011943e-15,
        2.915260028011943e-15
      ],
      "y_relerr": [
        0.19896183187508149,
        0.19896183187508149,
        0.19896183187508149,
        0.19896183187508149,
        0.19896183187508149,
        0.19896183187508149,
        0.19896183187508149,
        0.19896183187508149,
        0.19896183187508149,
        0.19896183187508149,
        0.19896183187508149,
        0.19896183187508149,
        0.19896183187508149
      ]
    },
    "Label: Gauge variance $\\sigma_{\\mathcal{G}}^2$": {
      "x_data": [
        0,
        2048
      ],
      "y_data": [
        1.3537053115309005e-13,
        1.3537053115309005e-13
      ],
      "y_abserr": [
        7.624402182222672e-14,
        7.624402182222672e-14
      ],
      "y_relerr": [
        0.5632246632467048,
        0.5632246632467048
      ]
    }
  },
  "Axis: 2-level MG LMA": {
    "Label: Stochastic estimator": {
      "x_data": [
        1.0,
        2.0,
        4.0,
        8.0,
        16.0,
        32.0,
        64.0,
        128.0,
        256.0,
        512.0,
        1024.0
      ],
      "y_data": [
        3.7709738217448126e-10,
        1.862869522999734e-10,
        9.402601932442597e-11,
        4.7068540945145967e-11,
        2.374495531114899e-11,
        1.1943116255254037e-11,
        6.141769423136993e-12,
        3.2114351709885722e-12,
        1.6119806387860178e-12,
        8.835689501915943e-13,
        5.037062914537086e-13
      ],
      "y_abserr": [
        7.740022996126432e-12,
        3.946401051294037e-12,
        2.1132679308870193e-12,
        1.2460150504325025e-12,
        7.571073374425928e-13,
        3.924871759613105e-13,
        2.7191660612931764e-13,
        1.8353700427980354e-13,
        1.194314925114616e-13,
        8.956909940933259e-14,
        7.547061786410113e-14
      ],
      "y_relerr": [
        0.020525263133609233,
        0.021184527432384217,
        0.022475352525511385,
        0.026472353410840116,
        0.03188497630429767,
        0.03286304575563743,
        0.044273333529091116,
        0.0571510849534931,
        0.07408990507566234,
        0.10137194091067855,
        0.14983060395432246
      ]
    },
    "Label: L0: Fine grid": {
      "x_data": [
        1.0,
        2.0,
        4.0,
        8.0,
        16.0,
        32.0,
        64.0,
        128.0,
        256.0
      ],
      "y_data": [
        3.2544887498058035e-12,
        1.6260630821495858e-12,
        8.109321877445371e-13,
        3.9945045311796875e-13,
        1.9729186122773758e-13,
        9.533458646800408e-14,
        5.311896757305793e-14,
        2.1231076799250453e-14,
        1.2102323942720246e-14
      ],
      "y_abserr": [
        4.462220283027627e-14,
        2.4809156805700758e-14,
        2.1780812822415503e-14,
        1.5115211780571498e-14,
        1.1236050815629694e-14,
        7.932957037516606e-15,
        5.8922519011364645e-15,
        2.9079095466336935e-15,
        2.296318360777493e-15
      ],
      "y_relerr": [
        0.013710971602817461,
        0.01525719209669536,
        0.02685898173926841,
        0.03784001660928786,
        0.05695141576397678,
        0.08321174225871365,
        0.11092557273505875,
        0.136964769810279,
        0.18974193482556445
      ]
    },
    "Label: L1: Coarse grid": {
      "x_data": [
        1.0,
        2.0,
        4.0,
        8.0,
        16.0,
        32.0,
        64.0,
        128.0,
        256.0,
        512.0,
        1024.0
      ],
      "y_data": [
        3.434375038874492e-10,
        1.6950400209484784e-10,
        8.50575713692825e-11,
        4.3691964721565703e-11,
        2.2641280186108863e-11,
        1.132906875905546e-11,
        5.7923908248154545e-12,
        2.800786738397023e-12,
        1.3794045556034826e-12,
        6.895553484874168e-13,
        3.827835019397805e-13
      ],
      "y_abserr": [
        8.724380558202541e-12,
        4.218775792016439e-12,
        2.28050823712361e-12,
        1.2215983084934033e-12,
        7.992450210324263e-13,
        4.792011750102168e-13,
        3.6056782114369974e-13,
        2.1390863372069109e-13,
        1.6938732172279116e-13,
        9.725824940996199e-14,
        7.817141826999259e-14
      ],