{
  "Axis: Unknown axis (0, 0) id(ax) = 139640361443344": {
    "Label: $\\partial W(A)$": {
      "NR: Inner boundary points": {
        "x_data": [
          7.491162918196567,
          3.6789199380396704,
          -0.1804840537098384,
          3.658777812237707
        ],
        "y_data": [
          -1.196081752267865e-08,
          -2.2706281794113963,
          -8.489582629679129e-09,
          2.2706281794112346
        ]
      },
      "NR: Outer boundary points": {
        "x_data": [
          7.491162918196591,
          -0.18048405370983805,
          -0.1804840537098386,
          7.491162918196591
        ],
        "y_data": [
          -2.270628179411388,
          -2.2706281794113883,
          2.2706281794112333,
          2.2706281794112346
        ]
      }
    }
  }
}