{
  "Axis: Unknown axis (0, 0) id(ax) = 140438895383568": {
    "Label: $\\partial W(A)$": {
      "NR: Inner boundary points": {
        "x_data": [
          7.491162918196567,
          7.335410860614765,
          7.054160458863636,
          6.413198168308308,
          3.6789199380396704,
          1.7758793601113172,
          0.21792453936851003,
          -0.09360144002511268,
          -0.1804840537098384,
          -0.09360144306754788,
          0.21792455362861265,
          1.7758796034755717,
          3.658777812237707,
          6.413198165861125,
          7.054160457273773,
          7.335410866312017
        ],
        "y_data": [
          -1.196081752267865e-08,
          -0.9972769404929266,
          -1.421654023925806,
          -1.8232288950503086,
          -2.2706281794113963,
          -1.9198464170847669,
          -0.9245295922893844,
          -0.4866455615941319,
          -8.489582629679129e-09,
          0.48664555424933487,
          0.9245296065500429,
          1.9198465178893724,
          2.2706281794112346,
          1.823228896065381,
          1.421654025515359,
          0.9972769267391774
        ]
      },
      "NR: Outer boundary points": {
        "x_data": [
          7.491162918196591,
          7.234205013428898,
          6.82185805534942,
          5.333080748207841,
          2.6227414481533753,
          0.8153962218762629,
          -0.004252805092208933,
          -0.1804840537098383,
          -0.18048405370983836,
          -0.00425280509202533,
          0.8153962218750197,
          2.6227414481534206,
          5.333080748211591,
          6.821858055346524,
          7.234205013429543,
          7.491162918196591
        ],
        "y_data": [
          -0.6212582107114358,
          -1.2416094693605735,
          -1.6539564274400513,
          -2.2706281794113883,
          -2.2706281794113883,
          -1.5220012747971383,
          -0.7023522478286665,
          -0.27689237730204097,
          0.27689237730233457,
          0.7023522478294038,
          1.522001274796449,
          2.270628179411235,
          2.270628179411234,
          1.6539564274426475,
          1.2416094693596302,
          0.6212582107120528
        ]
      }
    }
  }
}