{
  "Axis: Unknown axis (0, 0) id(ax) = 140559355997008": {
    "Label: $\\partial W(A)$": {
      "NR: Inner boundary points": {
        "x_data": [
          7.491162918196567,
          7.054160458863636,
          3.6789199380396704,
          0.21792453936851003,
          -0.1804840537098384,
          0.21792455362861265,
          3.658777812237707,
          7.054160457273773
        ],
        "y_data": [
          -1.196081752267865e-08,
          -1.421654023925806,
          -2.2706281794113963,
          -0.9245295922893844,
          -8.489582629679129e-09,
          0.9245296065500429,
          2.2706281794112346,
          1.421654025515359
        ]
      },
      "NR: Outer boundary points": {
        "x_data": [
          7.491162918196591,
          6.205186303378084,
          1.5640231264905133,
          -0.18048405370983825,
          -0.1804840537098384,
          1.5640231264898043,
          6.20518630337794,
          7.49116291819659
        ],
        "y_data": [
          -0.9846515645928798,
          -2.270628179411387,
          -2.2706281794113883,
          -0.5261209992110372,
          0.5261209992115907,
          2.2706281794112337,
          2.2706281794112346,
          0.9846515645925837
        ]
      }
    }
  }
}