{
  "Axis: Unknown axis (0, 0) id(ax) = 140464848786320": {
    "Label: $\\partial W(A)$": {
      "NR: Inner boundary points": {
        "x_data": [
          7.491162918196567,
          7.434538086530977,
          7.335410860614765,
          7.212021443788057,
          7.054160458863636,
          6.831377942263295,
          6.413198168308308,
          5.470629026090734,
          3.6789199380396704,
          2.621072600902589,
          1.7758793601113172,
          0.8134456999758807,
          0.21792453936851003,
          0.006812083161856451,
          -0.09360144002511268,
          -0.14861922934033586,
          -0.1804840537098384,
          -0.14861922858175555,
          -0.09360144306754788,
          0.006812083696041431,
          0.21792455362861265,
          0.8134457587970024,
          1.7758796034755717,
          2.6210727032980277,
          3.658777812237707,
          5.470628984331738,
          6.413198165861125,
          6.831377954858005,
          7.054160457273773,
          7.212021451535816,
          7.335410866312017,
          7.434538070401878
        ],
        "y_data": [
          -1.196081752267865e-08,
          -0.662363710117443,
          -0.9972769404929266,
          -1.229581292700203,
          -1.421654023925806,
          -1.6029786058184554,
          -1.8232288950503086,
          -2.0981235045855677,
          -2.2706281794113963,
          -2.182040405934746,
          -1.9198464170847669,
          -1.3980587879334392,
          -0.9245295922893844,
          -0.6725448734979194,
          -0.4866455615941319,
          -0.3041492536784708,
          -8.489582629679129e-09,
          0.30414925749241034,
          0.48664555424933487,
          0.6725448742972258,
          0.9245296065500429,
          1.3980588272378864,
          1.9198465178893724,
          2.1820404263023288,
          2.2706281794112346,
          2.0981235128924975,
          1.823228896065381,
          1.602978597403318,
          1.421654025515359,
          1.2295812811049829,
          0.9972769267391774,
          0.6623637912033046
        ]
      },
      "NR: Outer boundary points": {
        "x_data": [
          7.491162918196591,
          7.397953957125081,
          7.283494301113494,
          7.1431302853011776,
          6.956318465826069,
          6.646177062778552,
          6.007227592806423,
          4.603389461762611,
          3.0664334130212354,
          2.2128235230722413,
          1.2982940751866392,
          0.44580220590316666,
          0.08911532178203313,
          -0.05478327123450427,
          -0.12961072530557072,
          -0.1804840537098383,
          -0.18048405370983836,
          -0.1296107253055695,
          -0.054783271234999764,
          0.08911532178347181,
          0.4458022059058114,
          1.2982940751803167,
          2.2128235230724016,
          3.0664334130211572,
          4.603389461765996,
          6.007227592810506,
          6.646177062774387,
          6.956318465824146,
          7.143130285302156,
          7.28349430111396,
          7.397953957124605,
          7.491162918196592
        ],
        "y_data": [
          -0.3776914576501587,
          -0.8462845486649807,
          -1.1226146025527117,
          -1.3326841974882937,
          -1.5194960169634015,
          -1.7267258772140726,
          -1.9913874133476284,
          -2.270628179411388,
          -2.2706281794113883,
          -2.1008346153829445,
          -1.7220241148791495,
          -1.1524072588240415,
          -0.7957203747029085,
          -0.580360911154903,
          -0.399711456698684,
          -0.14395396371602237,
          0.14395396371631256,
          0.39971145669898067,
          0.5803609111540003,
          0.7957203747049011,
          1.1524072588272405,
          1.7220241148763562,
          2.1008346153828383,
          2.2706281794112346,
          2.270628179411234,
          1.9913874133473353,
          1.7267258772171936,
          1.5194960169650287,
          1.332684197487017,
          1.1226146025522006,
          0.8462845486667472,
          0.37769145764952494
        ]
      }
    }
  }
}