{
  "Axis: LMA": {
    "Label: Stochastic estimator": {
      "x_data": [
        1.0,
        2.0,
        4.0,
        8.0,
        16.0,
        32.0,
        64.0,
        128.0,
        256.0,
        512.0,
        1024.0
      ],
      "y_data": [
        8.588701693214427e-10,
        4.297681534317963e-10,
        2.1456441799349302e-10,
        1.0749722271757573e-10,
        6.156155230288699e-11,
        3.5545579589198543e-11,
        1.9885610352803266e-11,
        1.0568264670726709e-11,
        5.738752800006228e-12,
        3.5866855836294662e-12,
        1.6890520954536638e-12
      ],
      "y_abserr": [
        2.8509826370145207e-11,
        1.4369026306137627e-11,
        7.054768062840645e-12,
        3.526566254795455e-12,
        2.1067596010658884e-12,
        1.3771690220378736e-12,
        8.645839774857262e-13,
        6.275446178961578e-13,
        4.788391338146283e-13,
        3.9748228490111266e-13,
        2.5731261179411074e-13
      ],
      "y_relerr": [
        0.03319457048167085,
        0.03343436732432985,
        0.03287948732978919,
        0.03280611503853172,
        0.03422200256907898,
        0.038743749235597286,
        0.04347786978355664,
        0.05938010046572818,
        0.08343958182239677,
        0.11082161389203493,
        0.1523414301351072
      ]
    },
    "Label: L0: rest-rest + rest-eigen": {
      "x_data": [
        1.0,
        2.0,
        4.0,
        8.0,
        16.0,
        32.0,
        64.0,
        128.0,
        256.0
      ],
      "y_data": [
        3.5248121324149233e-10,
        1.7591480004871918e-10,
        8.771920235467985e-11,
        4.2862126539155574e-11,
        2.106173373257445e-11,
        1.062646334449501e-11,
        5.473216373200316e-12,
        2.8304412305146214e-12,
        1.4671402826198912e-12
      ],
      "y_abserr": [
        6.71104381785593e-12,
        3.870072914036577e-12,
        2.0601994039187695e-12,
        1.2970845352292177e-12,
        8.040593191544654e-13,
        6.049234934051986e-13,
        4.310756387603245e-13,
        3.3160560194478424e-13,
        2.6161618008396974e-13
      ],
      "y_relerr": [
        0.01903943689974209,
        0.021999700496858534,
        0.02348629887887777,
        0.030261786802488675,
        0.03817631204362312,
        0.05692613561016765,
        0.07876093495427892,
        0.11715685822047357,
        0.17831708609131663
      ]
    },
    "Label: L1: eigen-eigen (exact)": {
      "x_data": [
        0.5,
        1.0,
        2.0,
        4.0,
        8.0,
        16.0,
        32.0,
        64.0,
        128.0,
        256.0,
        512.0,
        1024.0,
        2048.0
      ],
      "y_data": [
        1.8228392691501157e-13,
        1.8228392691501157e-13,
        1.8228392691501157e-13,
        1.8228392691501157e-13,
        1.8228392691501157e-13,
        1.8228392691501157e-13,
        1.8228392691501157e-13,
        1.8228392691501157e-13,
        1.8228392691501157e-13,
        1.8228392691501157e-13,
        1.8228392691501157e-13,
        1.8228392691501157e-13,
        1.8228392691501157e-13
      ],
      "y_abserr": [
        2.3053829280349515e-14,
        2.3053829280349515e-14,
        2.3053829280349515e-14,
        2.3053829280349515e-14,
        2.3053829280349515e-14,
        2.3053829280349515e-14,
        2.3053829280349515e-14,
        2.3053829280349515e-14,
        2.3053829280349515e-14,
        2.3053829280349515e-14,
        2.3053829280349515e-14,
        2.3053829280349515e-14,
        2.3053829280349515e-14
      ],
      "y_relerr": [
        0.1264720903840204,
        0.1264720903840204,
        0.1264720903840204,
        0.1264720903840204,
        0.1264720903840204,
        0.1264720903840204,
        0.1264720903840204,
        0.1264720903840204,
        0.1264720903840204,
        0.1264720903840204,
        0.1264720903840204,
        0.1264720903840204,
        0.1264720903840204
      ]
    },
    "Label: Gauge variance $\\sigma_{\\mathcal{G}}^2$": {
      "x_data": [
        0,
        2048
      ],
      "y_data": [
        6.513927675278636e-13,
        6.513927675278636e-13
      ],
      "y_abserr": [
        1.8773973298473506e-13,
        1.8773973298473506e-13
      ],
      "y_relerr": [
        0.2882127993180465,
        0.2882127993180465
      ]
    }
  },
  "Axis: 2-level MG LMA": {
    "Label: Stochastic estimator": {
      "x_data": [
        1.0,
        2.0,
        4.0,
        8.0,
        16.0,
        32.0,
        64.0,
        128.0,
        256.0,
        512.0,
        1024.0
      ],
      "y_data": [
        8.588701693214427e-10,
        4.297681534317963e-10,
        2.1456441799349302e-10,
        1.0749722271757573e-10,
        6.156155230288699e-11,
        3.5545579589198543e-11,
        1.9885610352803266e-11,
        1.0568264670726709e-11,
        5.738752800006228e-12,
        3.5866855836294662e-12,
        1.6890520954536638e-12
      ],
      "y_abserr": [
        2.8509826370145207e-11,
        1.4369026306137627e-11,
        7.054768062840645e-12,
        3.526566254795455e-12,
        2.1067596010658884e-12,
        1.3771690220378736e-12,
        8.645839774857262e-13,
        6.275446178961578e-13,
        4.788391338146283e-13,
        3.9748228490111266e-13,
        2.5731261179411074e-13
      ],
      "y_relerr": [
        0.03319457048167085,
        0.03343436732432985,
        0.03287948732978919,
        0.03280611503853172,
        0.03422200256907898,
        0.038743749235597286,
        0.04347786978355664,
        0.05938010046572818,
        0.08343958182239677,
        0.11082161389203493,
        0.1523414301351072
      ]
    },
    "Label: L0: Fine grid": {
      "x_data": [
        1.0,
        2.0,
        4.0,
        8.0,
        16.0,
        32.0,
        64.0,
        128.0,
        256.0
      ],
      "y_data": [
        5.419974322545743e-12,
        2.713189619172852e-12,
        1.384630369049766e-12,
        6.88586786281705e-13,
        3.4098499981113553e-13,
        1.8234795489948957e-13,
        9.678321716011421e-14,
        5.280286779786893e-14,
        2.964167584130791e-14
      ],
      "y_abserr": [
        8.459751171953766e-14,
        5.1970821930739144e-14,
        2.7786629136104212e-14,
        1.925147394615301e-14,
        1.1400124090778526e-14,
        8.973680360425032e-15,
        6.852346666849006e-15,
        5.482349302014596e-15,
        4.091563779449087e-15
      ],
      "y_relerr": [
        0.015608470941943968,
        0.01915488013203554,
        0.020067903866050125,
        0.02795794855447185,
        0.033432919621369905,
        0.04921185085608082,
        0.070800980458345,
        0.10382673386228197,
        0.13803415843807268
      ]
    },
    "Label: L1: Coarse grid": {
      "x_data": [
        1.0,
        2.0,
        4.0,
        8.0,
        16.0,
        32.0,
        64.0,
        128.0,
        256.0,
        512.0,
        1024.0
      ],
      "y_data": [
        8.100925456934841e-10,
        4.070721276340669e-10,
        2.0189611760344234e-10,
        1.0177231333867457e-10,
        5.227728482255219e-11,
        2.6598754340844762e-11,
        1.4297665512224679e-11,
        7.57225783456685e-12,
        3.619767969948344e-12,
        2.209460550250938e-12,
        1.176033133875315e-12
      ],
      "y_abserr": [
        2.7867483816610412e-11,
        1.4621820398398696e-11,
        7.264137764540006e-12,
        3.526747855312108e-12,
        1.9105589008201282e-12,
        1.0806484143045276e-12,
        6.824020197413632e-13,
        4.316696016129411e-13,
        2.6111468416319356e-13,
        1.7801185377611746e-13,
        1.3484055848620347e-13
      ],