{
  "Axis: None": {
    "Label: test": {
      "x_data": [
        0.0,
        1.0,
        2.0,
        3.0,
        4.0,
        5.0,
        6.0,
        7.0,
        8.0,
        9.0,
        10.0,
        11.0
      ],
      "y_data": [
        0.04441648,
        0.041832259999999996,
        0.055584600000000005,
        0.05675652,
        0.047904459999999996,
        0.05955888,
        0.05209958,
        0.049016979999999995,
        0.04727816,
        0.049139680000000005,
        0.04176724,
        0.042573740000000006
      ],
      "y_abserr": [
        0.0003536005378955181,
        0.00027518404314204017,
        0.0004956625081645784,
        0.00014064127914662972,
        0.0002618637901658042,
        0.00024688942342676465,
        0.00026159713377634663,
        0.0004669298538324579,
        0.00037042884822864434,
        0.00032287082618285645,
        0.0006613475769971492,
        0.0003100719168193081
      ],
      "y_relerr": [
        0.007961021177173835,
        0.006578273398139144,
        0.008917263201760528,
        0.0024779757311870023,
        0.005466375994339655,
        0.004145299969152621,
        0.00502109870705957,
        0.00952587968154011,
        0.007835094433214921,
        0.006570470670196803,
        0.015834122077425974,
        0.0072831730738081284
      ]
    }
  }
}