{
  "Axis: F7 @ Daint (tuned)": {
    "Label: Total": {
      "x_data": [
        "sleep()",
        "I/O",
        "I/O+MPI",
        "Dirac operator",
        "MPI_Allreduce()",
        "Memory"
      ],
      "y_data": [
        48.851,
        49.725833333333334,
        57.55016666666667,
        49.811,
        48.80083333333334,
        48.819500000000005
      ],
      "y_abserr": [
        1.1658582627784941,
        1.0744540655090324,
        1.1276007395251995,
        1.1843772296959372,
        1.1723237346777933,
        1.173534918762776
      ],
      "y_relerr": [
        0.023865596666977015,
        0.021607562779421143,
        0.019593353153194448,
        0.023777423253818177,
        0.02402261712766776,
        0.02403824125119626
      ]
    },
    "Label: GPU Solver": {
      "x_data": [
        "sleep()",
        "I/O",
        "I/O+MPI",
        "Dirac operator",
        "MPI_Allreduce()",
        "Memory"
      ],
      "y_data": [
        19.64666666666667,
        19.64666666666667,
        19.64666666666667,
        19.64666666666667,
        19.64666666666667,
        19.64666666666667
      ],
      "y_abserr": [
        0.7995151308414644,
        0.7995151308414644,
        0.7995151308414644,
        0.7995151308414644,
        0.7995151308414644,
        0.7995151308414644
      ],
      "y_relerr": [
        0.040694696174489196,
        0.040694696174489196,
        0.040694696174489196,
        0.040694696174489196,
        0.040694696174489196,
        0.040694696174489196
      ]
    },
    "Label: CPU Kernel": {
      "x_data": [
        "sleep()",
        "I/O",
        "I/O+MPI",
        "Dirac operator",
        "MPI_Allreduce()",
        "Memory"
      ],
      "y_data": [
        29.204333333333334,
        30.079166666666666,
        37.9035,
        30.16433333333333,
        29.15416666666667,
        29.172833333333333
      ],
      "y_abserr": [
        0.8485287528684249,
        0.7177932114783786,
        0.7951471457116177,
        0.8737991632965658,
        0.8573905145524093,
        0.859045843428109
      ],
      "y_relerr": [
        0.02905489206630608,
        0.023863467343788733,
        0.02097819847010481,
        0.028967958735920982,
        0.029408850006085212,
        0.029446774456650046
      ]
    }
  }
}