{
  "Axis: F7 @ Daint (tuned)": {
    "Label: Total": {
      "x_data": [
        0.0,
        1.0,
        2.0,
        3.0,
        4.0,
        5.0
      ],
      "y_data": [
        1.6670386326717987,
        0.7489794016217729,
        0.7176699317990032,
        0.6841297452164126,
        0.6996951807693794,
        0.681804646052879
      ],
      "y_abserr": [
        0.0036460014726552607,
        0.003949516469622832,
        0.010785715996680578,
        0.003947536254375786,
        0.0030878329120666106,
        0.003515159072971507
      ],
      "y_relerr": [
        0.0021871127646344557,
        0.005273197715545852,
        0.015028797388297602,
        0.005770157315886114,
        0.004413111590494669,
        0.005155668993048898
      ]
    },
    "Label: GPU Solver": {
      "x_data": [
        0.0,
        1.0,
        2.0,
        3.0,
        4.0,
        5.0
      ],
      "y_data": [
        0.9779991697799919,
        0.29279174317342266,
        0.24867206898644498,
        0.26785968063758797,
        0.374726629289435,
        0.27246365079319196
      ],
      "y_abserr": [
        0.005707767398290069,
        0.0015402297251876425,
        0.007041033918521085,
        0.0016374368492684517,
        0.0020597973509944396,
        0.0014268440671782998
      ],
      "y_relerr": [
        0.005836167938234623,
        0.00526049576567244,
        0.028314534668969556,
        0.006113039653339581,
        0.005496800040339469,
        0.0052368235653618145
      ]
    },
    "Label: CPU Kernel": {
      "x_data": [
        0.0,
        1.0,
        2.0,
        3.0,
        4.0,
        5.0
      ],
      "y_data": [
        1.0014831974912772,
        0.5085441963883713,
        0.4763668756321591,
        0.49558576209474103,
        0.4200168598024317,
        0.49271983184621176
      ],
      "y_abserr": [
        0.003279868528202728,
        0.0038153426098348647,
        0.006954678365217589,
        0.0008396001818618346,
        0.002133790691923355,
        0.0017300055525824951
      ],
      "y_relerr": [
        0.003275011040044229,
        0.007502479896400423,
        0.014599416376271828,
        0.0016941571894902995,
        0.005080250095024879,
        0.0035111344028922026
      ]
    }
  }
}