{
  "Axis: F7 @ Leonardo (tuned)": {
    "Label: Total": {
      "x_data": [
        "sleep()",
        "I/O",
        "I/O+MPI",
        "Dirac operator",
        "MPI_Allreduce()",
        "Memory"
      ],
      "y_data": [
        67.5642,
        69.47319999999999,
        75.76520000000001,
        68.34280000000001,
        67.5088,
        67.5476
      ],
      "y_abserr": [
        0.09875292400734223,
        0.22496741986341065,
        0.1940871968987134,
        0.09074546820640708,
        0.09488645846484135,
        0.09204270747864875
      ],
      "y_relerr": [
        0.0014616161222561982,
        0.003238189976327716,
        0.002561693190260349,
        0.0013277985128851476,
        0.001405542069550064,
        0.0013626347565072444
      ]
    },
    "Label: GPU Solver": {
      "x_data": [
        "sleep()",
        "I/O",
        "I/O+MPI",
        "Dirac operator",
        "MPI_Allreduce()",
        "Memory"
      ],
      "y_data": [
        33.75,
        33.75,
        33.75,
        33.75,
        33.75,
        33.75
      ],
      "y_abserr": [
        0.06572670690062048,
        0.06572670690062048,
        0.06572670690062048,
        0.06572670690062048,
        0.06572670690062048,
        0.06572670690062048
      ],
      "y_relerr": [
        0.0019474579822406067,
        0.0019474579822406067,
        0.0019474579822406067,
        0.0019474579822406067,
        0.0019474579822406067,
        0.0019474579822406067
      ]
    },
    "Label: CPU Kernel": {
      "x_data": [
        "sleep()",
        "I/O",
        "I/O+MPI",
        "Dirac operator",
        "MPI_Allreduce()",
        "Memory"
      ],
      "y_data": [
        33.8142,
        35.7232,
        42.01520000000001,
        34.592800000000004,
        33.758799999999994,
        33.7976
      ],
      "y_abserr": [
        0.07370305285400217,
        0.21515189982893484,
        0.18261938560842841,
        0.06256788313503957,
        0.06843566321736053,
        0.06443492841619389
      ],
      "y_relerr": [
        0.0021796479838056843,
        0.006022749916830935,
        0.004346507587930758,
        0.0018086966980134468,
        0.0020271947823192926,
        0.0019064942012507954
      ]
    }
  }
}