{
  "Axis: F7 @ Leonardo (tuned)": {
    "Label: Total": {
      "x_data": [
        0.0,
        1.0,
        2.0,
        3.0,
        4.0,
        5.0
      ],
      "y_data": [
        2.050245333765283,
        1.9657483951962478,
        1.8202556030634782,
        2.026164296816533,
        2.0518643366155116,
        2.029699744900942
      ],
      "y_abserr": [
        0.056393886476488145,
        0.048445933790751655,
        0.03483484810357193,
        0.059038346002908505,
        0.056932068825295334,
        0.05695364794543292
      ],
      "y_relerr": [
        0.0275059211440421,
        0.024645032858294728,
        0.01913733875887821,
        0.029137985550169013,
        0.027746507315002642,
        0.028060134553651677
      ]
    },
    "Label: GPU Solver": {
      "x_data": [
        0.0,
        1.0,
        2.0,
        3.0,
        4.0,
        5.0
      ],
      "y_data": [
        1.0043878420104604,
        0.9922666330433323,
        0.9272117745566397,
        0.9960292147194126,
        0.9972956555606342,
        0.9880458546351819
      ],
      "y_abserr": [
        0.0045907236873680675,
        0.002008464911903411,
        0.005666404719930875,
        0.002319730617440555,
        0.0032597702330831734,
        0.005096280792454552
      ],
      "y_relerr": [
        0.004570668316911244,
        0.0020241181604014505,
        0.006111230331000005,
        0.0023289784909512287,
        0.0032686096794943714,
        0.005157939551637775
      ]
    },
    "Label: CPU Kernel": {
      "x_data": [
        0.0,
        1.0,
        2.0,
        3.0,
        4.0,
        5.0
      ],
      "y_data": [
        1.0556477668672788,
        1.0336989048645489,
        1.0279159025799507,
        1.055393770626893,
        1.0812447216267136,
        1.0558752693624034
      ],
      "y_abserr": [
        0.05638822280534944,
        0.04778243424031179,
        0.034598844516630645,
        0.058753818969342696,
        0.058044027117394134,
        0.058349936984336555
      ],
      "y_relerr": [
        0.05341575530698664,
        0.046224712066008214,
        0.03365921709138999,
        0.05567004525187176,
        0.053682599282489835,
        0.055262149495717915
      ]
    }
  }
}