{
  "Axis: Unknown axis (0, 0) id(ax) = 140694155075792": {
    "Label: solver": {
      "x_data": [
        0.0,
        1.0,
        2.0,
        3.0,
        4.0,
        5.0
      ],
      "y_data": [
        1.0115668060323089,
        1.023438014352492,
        1.0342820073520849,
        0.9990199386256646,
        1.0062302775305445,
        0.9879564015380214
      ]
    },
    "Label: kernel": {
      "x_data": [
        0.0,
        1.0,
        2.0,
        3.0,
        4.0,
        5.0
      ],
      "y_data": [
        1.0004994400217937,
        1.0157364634608104,
        0.861500197980598,
        0.9689967826849957,
        0.8259032670561393,
        0.9084515782070905
      ]
    },
    "Label: total": {
      "x_data": [
        0.0,
        1.0,
        2.0,
        3.0,
        4.0,
        5.0
      ],
      "y_data": [
        1.9414186050031021,
        1.9573527184613053,
        1.6308014006260747,
        1.8781621969408944,
        1.6053126410269267,
        1.765760300038608
      ]
    },
    "Label: Unknown label": {
      "x_data": [
        -1.0,
        0.0,
        1.0,
        2.0,
        3.0,
        4.0,
        5.0,
        6.0
      ],
      "y_data": [
        1.0,
        1.0,
        1.0,
        1.0,
        1.0,
        1.0,
        1.0,
        1.0
      ]
    }
  }
}