{
  "Axis: A400 @ Daint (tuned)": {
    "Label: Total": {
      "x_data": [
        0.0,
        1.0,
        2.0,
        3.0,
        4.0,
        5.0
      ],
      "y_data": [
        1.7506597320078914,
        0.6990742146000911,
        0.37061188030370706,
        0.6504846025304369,
        0.08551156359979889,
        0.7457315068493151
      ]
    },
    "Label: GPU Solver": {
      "x_data": [
        0.0,
        1.0,
        2.0,
        3.0,
        4.0,
        5.0
      ],
      "y_data": [
        1.005577005577006,
        0.2964686835980978,
        0.13086491435717637,
        0.2797937356760887,
        0.03796812232732928,
        0.321095890410959
      ]
    },
    "Label: CPU Kernel": {
      "x_data": [
        0.0,
        1.0,
        2.0,
        3.0,
        4.0,
        5.0
      ],
      "y_data": [
        1.0000896826515318,
        0.47412129155248417,
        0.2654600301659126,
        0.49291518537328594,
        0.048684012066365,
        0.6067172942926485
      ]
    }
  }
}