{
  "Axis: A360 @ geno": {
    "Label: Total": {
      "x_data": [
        0.0,
        1.0,
        2.0,
        3.0,
        4.0,
        5.0
      ],
      "y_data": [
        1.9978995519044063,
        2.0252738394423635,
        1.7496674231160496,
        2.013582741927903,
        1.8147628760836307,
        2.0044584193730053
      ]
    },
    "Label: GPU Solver": {
      "x_data": [
        0.0,
        1.0,
        2.0,
        3.0,
        4.0,
        5.0
      ],
      "y_data": [
        1.0126162018592297,
        1.012376120252264,
        1.0081216356596467,
        1.0054155874735107,
        1.0042333019755407,
        1.0019710906701706
      ]
    },
    "Label: CPU Kernel": {
      "x_data": [
        0.0,
        1.0,
        2.0,
        3.0,
        4.0,
        5.0
      ],
      "y_data": [
        1.0013536221060493,
        1.01352249003606,
        0.9143125440175287,
        1.0101992855799962,
        0.9075262419786665,
        1.0386560342312556
      ]
    }
  }
}