{
  "Axis: QXD-32-2 @ geno.ethz.ch (untuned)": {
    "Label: solver": {
      "x_data": [
        0.0,
        1.0,
        2.0,
        3.0,
        4.0,
        5.0
      ],
      "y_data": [
        1.0128533485107192,
        1.0126132106785528,
        1.0083577297195203,
        1.005651047798446,
        1.0044684854186265,
        1.0022057443213817
      ]
    },
    "Label: kernel": {
      "x_data": [
        0.0,
        1.0,
        2.0,
        3.0,
        4.0,
        5.0
      ],
      "y_data": [
        1.0013536221060493,
        1.01352249003606,
        0.9143125440175287,
        1.0101992855799962,
        0.9075262419786665,
        1.0386560342312556
      ]
    },
    "Label: total": {
      "x_data": [
        0.0,
        1.0,
        2.0,
        3.0,
        4.0,
        5.0
      ],
      "y_data": [
        1.998132935026139,
        2.025510929868652,
        1.7498630565771969,
        2.013817737462988,
        1.8149753527112018,
        2.0046930730242165
      ]
    },
    "Label: Unknown label": {
      "x_data": [
        -1.0,
        0.0,
        1.0,
        2.0,
        3.0,
        4.0,
        5.0,
        6.0
      ],
      "y_data": [
        1.0,
        1.0,
        1.0,
        1.0,
        1.0,
        1.0,
        1.0,
        1.0
      ]
    }
  }
}