{
  "Axis: D5d @ geno.ethz.ch (untuned)": {
    "Label: solver": {
      "x_data": [
        0.0,
        1.0,
        2.0,
        3.0,
        4.0,
        5.0
      ],
      "y_data": [
        1.0717434804535622,
        1.0843208901178485,
        1.0958099768791898,
        1.0584502177021577,
        1.0660894894408934,
        1.0467285264863835
      ]
    },
    "Label: kernel": {
      "x_data": [
        0.0,
        1.0,
        2.0,
        3.0,
        4.0,
        5.0
      ],
      "y_data": [
        1.0004994400217937,
        1.0157364634608104,
        0.861500197980598,
        0.9689967826849957,
        0.8259032670561393,
        0.9084515782070905
      ]
    },
    "Label: total": {
      "x_data": [
        0.0,
        1.0,
        2.0,
        3.0,
        4.0,
        5.0
      ],
      "y_data": [
        1.9973970550401792,
        2.0133727093745266,
        1.6765692084977912,
        1.9322522153657185,
        1.6516822945394376,
        1.8167641056753627
      ]
    },
    "Label: Unknown label": {
      "x_data": [
        -1.0,
        0.0,
        1.0,
        2.0,
        3.0,
        4.0,
        5.0,
        6.0
      ],
      "y_data": [
        1.0,
        1.0,
        1.0,
        1.0,
        1.0,
        1.0,
        1.0,
        1.0
      ]
    }
  }
}