{
  "Axis: F7 @ Leonardo (tuned)": {
    "Label: Total": {
      "x_data": [
        "sleep()",
        "I/O",
        "I/O+MPI",
        "Dirac operator",
        "MPI_Allreduce()",
        "Memory"
      ],
      "y_data": [
        69.43442857142857,
        71.13257142857142,
        77.48100000000001,
        70.393,
        69.392,
        69.42628571428571
      ],
      "y_abserr": [
        1.9079477898274582,
        1.720734384827958,
        1.469172035327298,
        2.0382857042732985,
        1.9145638799319642,
        1.9124592352598297
      ],
      "y_relerr": [
        0.02747841134552889,
        0.024190526931194282,
        0.018961707196955353,
        0.02895580106364693,
        0.027590556259107165,
        0.027546616034311435
      ]
    },
    "Label: GPU Solver": {
      "x_data": [
        "sleep()",
        "I/O",
        "I/O+MPI",
        "Dirac operator",
        "MPI_Allreduce()",
        "Memory"
      ],
      "y_data": [
        33.72714285714286,
        33.72714285714286,
        33.72714285714286,
        33.72714285714286,
        33.72714285714286,
        33.72714285714286
      ],
      "y_abserr": [
        0.04848732213850668,
        0.04848732213850668,
        0.04848732213850668,
        0.04848732213850668,
        0.04848732213850668,
        0.04848732213850668
      ],
      "y_relerr": [
        0.0014376350331210418,
        0.0014376350331210418,
        0.0014376350331210418,
        0.0014376350331210418,
        0.0014376350331210418,
        0.0014376350331210418
      ]
    },
    "Label: CPU Kernel": {
      "x_data": [
        "sleep()",
        "I/O",
        "I/O+MPI",
        "Dirac operator",
        "MPI_Allreduce()",
        "Memory"
      ],
      "y_data": [
        35.70728571428571,
        37.405428571428565,
        43.75385714285715,
        36.66585714285714,
        35.664857142857144,
        35.69914285714286
      ],
      "y_abserr": [
        1.9073315779641775,
        1.720051104682965,
        1.468371699870163,
        2.0377089075323624,
        1.9139497981744384,
        1.9118444774935146
      ],
      "y_relerr": [
        0.05341575367071644,
        0.045983996718508224,
        0.03355982296774208,
        0.05557510627920306,
        0.053664866524153705,
        0.053554352415242465
      ]
    }
  }
}