{
  "Axis: F7 @ Daint (tuned)": {
    "Label: Total": {
      "x_data": [
        "sleep()",
        "I/O",
        "I/O+MPI",
        "Dirac operator",
        "MPI_Allreduce()",
        "Memory"
      ],
      "y_data": [
        47.2072,
        48.214800000000004,
        55.9606,
        48.1392,
        47.14840000000001,
        47.165200000000006
      ],
      "y_abserr": [
        0.10324746970265167,
        0.11694118179666234,
        0.11017377183340833,
        0.06147145679093657,
        0.10646811729339432,
        0.10397615111168515
      ],
      "y_relerr": [
        0.0021871127646344553,
        0.002425420862404538,
        0.001968773955844082,
        0.001276952188464631,
        0.0022581491056620014,
        0.002204509916457158
      ]
    },
    "Label: GPU Solver": {
      "x_data": [
        "sleep()",
        "I/O",
        "I/O+MPI",
        "Dirac operator",
        "MPI_Allreduce()",
        "Memory"
      ],
      "y_data": [
        18.848000000000003,
        18.848000000000003,
        18.848000000000003,
        18.848000000000003,
        18.848000000000003,
        18.848000000000003
      ],
      "y_abserr": [
        0.045099889135118545,
        0.045099889135118545,
        0.045099889135118545,
        0.045099889135118545,
        0.045099889135118545,
        0.045099889135118545
      ],
      "y_relerr": [
        0.0023928209430771723,
        0.0023928209430771723,
        0.0023928209430771723,
        0.0023928209430771723,
        0.0023928209430771723,
        0.0023928209430771723
      ]
    },
    "Label: CPU Kernel": {
      "x_data": [
        "sleep()",
        "I/O",
        "I/O+MPI",
        "Dirac operator",
        "MPI_Allreduce()",
        "Memory"
      ],
      "y_data": [
        28.359199999999998,
        29.3668,
        37.1126,
        29.291199999999996,
        28.300400000000003,
        28.317200000000003
      ],
      "y_abserr": [
        0.09287647710803845,
        0.10789457817703375,
        0.10051994826898755,
        0.04177008498914023,
        0.0964440770602321,
        0.09368585805765992
      ],
      "y_relerr": [
        0.0032750034242164257,
        0.003674032518934094,
        0.0027085126956609765,
        0.0014260284655166135,
        0.0034078697495523768,
        0.003308443562840249
      ]
    }
  }
}