{
  "Axis: F7 @ Leonardo (tuned)": {
    "Label: Total": {
      "x_data": [
        0.0,
        1.0,
        2.0,
        3.0,
        4.0,
        5.0
      ],
      "y_data": [
        1.99502161434342,
        1.919891670811916,
        1.7799464361227275,
        1.967152150135283,
        1.9961796623199972,
        1.9747757650883488
      ],
      "y_abserr": [
        0.003810924521585871,
        0.01097565743472993,
        0.006479999312896327,
        0.006912191859286173,
        0.0065007520817208135,
        0.010890287606995636
      ],
      "y_relerr": [
        0.001910217159647206,
        0.0057168107980219325,
        0.003640558604118315,
        0.003513806422553952,
        0.003256596690382828,
        0.005514695794592364
      ]
    },
    "Label: GPU Solver": {
      "x_data": [
        0.0,
        1.0,
        2.0,
        3.0,
        4.0,
        5.0
      ],
      "y_data": [
        1.0050685233384355,
        0.9929390997352164,
        0.9278401530730066,
        0.996704231341697,
        0.9979715304595697,
        0.9887154608732336
      ],
      "y_abserr": [
        0.004779817529929696,
        0.002396020362351715,
        0.005799775411222074,
        0.0026651242915789195,
        0.0035155815140159815,
        0.005262543205751509
      ],
      "y_relerr": [
        0.00475571308715654,
        0.0024130587293728824,
        0.00625083468527765,
        0.002673936969236407,
        0.0035227272589600255,
        0.0053226063655398195
      ]
    },
    "Label: CPU Kernel": {
      "x_data": [
        0.0,
        1.0,
        2.0,
        3.0,
        4.0,
        5.0
      ],
      "y_data": [
        0.9996807095343679,
        0.9872105234068423,
        0.9870693705715414,
        0.9957226824480304,
        1.02345914809762,
        0.9996332446021887
      ],
      "y_abserr": [
        0.0021789921292282343,
        0.007548744366183753,
        0.004991615349465542,
        0.00370335009803426,
        0.00250968489364395,
        0.013759806347024306
      ],
      "y_relerr": [
        0.0021796880828511404,
        0.00764653960548678,
        0.00505700561509193,
        0.0037192585479015124,
        0.00245215932488257,
        0.013764854681778937
      ]
    }
  }
}