{
  "Axis: F7 @ Daint (tuned)": {
    "Label: Total": {
      "x_data": [
        0.0,
        1.0,
        2.0,
        3.0,
        4.0,
        5.0
      ],
      "y_data": [
        1.7250865174094214,
        0.7724521287062065,
        0.7380554208977019,
        0.7078885137055607,
        0.7101693061635593,
        0.6984824566842014
      ],
      "y_abserr": [
        0.04117021904013328,
        0.01707819365702816,
        0.018167083407905845,
        0.017296687138841606,
        0.021573036433161222,
        0.018442583492385357
      ],
      "y_relerr": [
        0.023865596666977018,
        0.022109064137906802,
        0.02461479570979791,
        0.02443419663401403,
        0.030377314600798486,
        0.0264037891229724
      ]
    },
    "Label: GPU Solver": {
      "x_data": [
        0.0,
        1.0,
        2.0,
        3.0,
        4.0,
        5.0
      ],
      "y_data": [
        1.01944098519441,
        0.30519852402804065,
        0.2592093192215101,
        0.27920998827071725,
        0.3831878219631151,
        0.2810970128077033
      ],
      "y_abserr": [
        0.041839248573369715,
        0.012501989264059736,
        0.012835561759672492,
        0.011470406986603433,
        0.017001338196095242,
        0.011844026849409219
      ],
      "y_relerr": [
        0.041041364023039414,
        0.04096346567819933,
        0.04951813383184625,
        0.041081649899579964,
        0.044368158959215975,
        0.04213501499395742
      ]
    },
    "Label: CPU Kernel": {
      "x_data": [
        0.0,
        1.0,
        2.0,
        3.0,
        4.0,
        5.0
      ],
      "y_data": [
        1.0313284270102034,
        0.5208802334790269,
        0.4865186451642715,
        0.5103585419197507,
        0.42431645836475723,
        0.5070714269160351
      ],
      "y_abserr": [
        0.02996513701702859,
        0.012888536584559037,
        0.01236457946711355,
        0.014791413071793507,
        0.01476282636658336,
        0.014949140967011505
      ],
      "y_relerr": [
        0.029054892924746396,
        0.024743762109141334,
        0.02541440002353597,
        0.02898239542764295,
        0.0347920192006616,
        0.029481331768052673
      ]
    }
  }
}