{
  "Axis: None": {
    "Label: test": {
      "x_data": [
        0.0,
        1.0,
        2.0,
        3.0,
        4.0,
        5.0,
        6.0,
        7.0,
        8.0,
        9.0,
        10.0,
        11.0,
        12.0,
        13.0,
        14.0,
        15.0,
        16.0,
        17.0,
        18.0
      ],
      "y_data": [
        0.1918539625,
        0.11521448999999999,
        0.1882922,
        0.1500716466666667,
        0.182121,
        0.1370185,
        0.1784428,
        0.20811380000000002,
        0.2196876,
        0.22007493999999994,
        0.20460723,
        0.3810212,
        0.21286342000000005,
        0.18173832999999998,
        0.3833278,
        0.20342358,
        0.05675652,
        0.05209958,
        0.049139680000000005
      ],
      "y_abserr": [
        0.02934949509294109,
        0.022077171743119885,
        0.0009365972667053836,
        0.024922736381822054,
        0.0013753686051382749,
        0.027165468461048527,
        0.0014303227398038516,
        0.0009743131632078063,
        0.0015751220460649988,
        0.05352207232711295,
        0.054267719707530755,
        0.002015130303479161,
        0.057033464552106596,
        0.04461843112977976,
        0.002488907097502837,
        0.05206914785214796,
        0.00014064127914662972,
        0.00026159713377634663,
        0.00032287082618285645
      ],
      "y_relerr": [
        0.15297831074477333,
        0.19161801387238608,
        0.004974169225838264,
        0.16607225239008316,
        0.0075519495562745365,
        0.1982613184427543,
        0.008015581126298464,
        0.004681636504680642,
        0.007169826818013391,
        0.24319930441472784,
        0.2652287492848164,
        0.005288761631844005,
        0.2679345495440531,
        0.24550919516966932,
        0.006492894847446068,
        0.2559641701918134,
        0.0024779757311870023,
        0.00502109870705957,
        0.006570470670196803
      ]
    }
  }
}