{
  "Axis: Unknown axis (0, 0) id(ax) = 140472682378512": {
    "Label: ideal scaling": {
      "x_data": [
        1.0,
        2.0,
        4.0,
        8.0,
        16.0,
        32.0,
        64.0,
        128.0,
        256.0
      ],
      "y_data": [
        1.0,
        2.0,
        4.0,
        8.0,
        16.0,
        32.0,
        64.0,
        128.0,
        256.0
      ]
    },
    "Label: GPU periodic GDR=on": {
      "x_data": [
        1.0,
        2.0,
        4.0,
        8.0,
        16.0,
        32.0,
        64.0,
        128.0,
        256.0
      ],
      "y_data": [
        1.0,
        1.9597582186219977,
        3.823894333908033,
        6.712994822703862,
        7.976292783512661,
        13.272345204954004,
        18.93468921904099,
        26.29450350675963,
        19.661874989897488
      ],
      "y_abserr": [
        0.0,
        0.007045853647280197,
        0.01954914480793289,
        0.17963934368702758,
        0.15792392497796234,
        0.1930625459855419,
        2.68600425423043,
        1.1897382709422863,
        1.4734565417468852
      ],
      "y_relerr": [
        0.0,
        0.0035952667937958604,
        0.005112365327300663,
        0.026759940746486736,
        0.019799163504178013,
        0.01454622698582914,
        0.14185626302909404,
        0.04524665280850181,
        0.07493977774266011
      ]
    },
    "Label: GPU C* GDR=on": {
      "x_data": [
        2.0,
        4.0,
        8.0,
        16.0,
        32.0,
        64.0,
        128.0,
        256.0
      ],
      "y_data": [
        1.0,
        1.989897377175516,
        3.473852264952681,
        4.81349114198678,
        6.778622410629022,
        11.447961859526952,
        16.950874723134998,
        21.842488179669513
      ],
      "y_abserr": [
        0.0,
        0.009479547457871518,
        0.05418619912558362,
        0.07582125453180702,
        1.067748581877193,
        0.3335993665953886,
        1.0417998008652996,
        1.5613035076429094
      ],
      "y_relerr": [
        0.0,
        0.004763837354932796,
        0.015598302688995242,
        0.01575182176413264,
        0.1575170465613988,
        0.02914050297239315,
        0.06145994338825617,
        0.07148011228391712
      ]
    },
    "Label: CPU C* (256 ranks per node)": {
      "x_data": [
        1.0,
        2.0,
        4.0,
        8.0,
        16.0,
        24.0,
        32.0,
        64.0
      ],
      "y_data": [
        1.0,
        1.9326653306613226,
        3.654414550966275,
        6.386754966887418,
        10.45420054200542,
        8.774751208416264,
        6.272520325203253,
        7.273687187706232
      ],
      "y_abserr": [
        0.0,
        0.01930795029874414,
        0.04028546929069086,
        0.05444717495050898,
        0.15102244577125692,
        1.788013568915036,
        1.6054703409247393,
        2.293161195138376
      ],
      "y_relerr": [
        0.0,
        0.009990322686720579,
        0.011023781984460097,
        0.008525013912823367,
        0.014446101848194164,
        0.2037680073709749,
        0.25595299141142536,
        0.3152680526341865
      ]
    }
  },
  "Axis: Unknown axis (0, 1) id(ax) = 140472682558800": {
    "Label: ideal scaling": {
      "x_data": [
        1.0,
        2.0,
        4.0,
        8.0,
        16.0,
        32.0,
        64.0,
        128.0,
        256.0
      ],
      "y_data": [
        0.007263482669599988,
        0.003631741334799994,
        0.001815870667399997,
        0.0009079353336999985,
        0.00045396766684999926,
        0.00022698383342499963,
        0.00011349191671249982,
        5.674595835624991e-05,
        2.8372979178124954e-05
      ]
    },
    "Label: GPU periodic GDR=on": {
      "x_data": [
        1.0,
        2.0,
        4.0,
        8.0,
        16.0,
        32.0,
        64.0,
        128.0,
        256.0
      ],
      "y_data": [
        0.007263482669599988,
        0.0037063157080199924,
        0.00189949879242,
        0.001082003317660001,
        0.0009106339081000033,
        0.0005472644477999893,
        0.00038360717651999947,
        0.0002762357793800038,
        0.0003694196343600015
      ],
      "y_abserr": [
        2.1485190382594457e-05,
        7.57425780552326e-06,
        7.920402297774016e-06,
        2.877691151069479e-05,
        1.7827441371885384e-05,
        7.794304485011264e-06,
        5.4405248917196966e-05,
        1.2472007145962316e-05,
        2.7662651056157306e-05
      ],
      "y_relerr": [
        0.0029579736553261003,
        0.0020436083707422808,
        0.004169732736541129,
        0.0265959549670599,
        0.01957695756034556,
        0.01424230007329085,
        0.1418254199797551,
        0.045149861375507035,
        0.07488137739100217
      ]
    },
    "Label: GPU C* GDR=on": {
      "x_data": [
        2.0,
        4.0,
        8.0,
        16.0,
        32.0,
        64.0,
        128.0,
        256.0
      ],
      "y_data": [
        0.007589978505839999,
        0.0038142562490399907,
        0.002184888108920022,
        0.0015768136435600083,
        0.001119693360400006,
        0.0006629982348800059,
        0.0004477632352200089,
        0.00034748689999999986
      ],
      "y_abserr": [
        2.056888098057158e-05,
        1.494391248755989e-05,
        3.356225098843713e-05,
        2.446733966414459e-05,
        0.00017634468677195096,
        1.9236374627113826e-05,
        2.7492737439554927e-05,
        2.482054517279249e-05
      ],
      "y_relerr": [
        0.0027100051686240155,
        0.00391790994412636,
        0.015361084556877725,
        0.015516950759573666,
        0.1574937326670871,
        0.029014216954280973,
        0.06140016704597541,
        0.07142872198287907
      ]
    },
    "Label: CPU C* (256 ranks per node)": {
      "x_data": [
        1.0,
        2.0,
        4.0,
        8.0,
        16.0,
        24.0,
        32.0,
        64.0
      ],
      "y_data": [
        0.1264058368,
        0.065404928,
        0.034589900800000004,
        0.019791872,
        0.012091392000000001,
        0.014405632000000002,
        0.020152319999999998,
        0.0173785088
      ],
      "y_abserr": [
        0.0008189640364163444,
        0.0004973832689683101,
        0.00030850684802668544,
        0.00010966270299787471,
        0.0001561215532999851,
        0.002933922798973416,
        0.0051563938657817835,
        0.005477731599210404
      ],
      "y_relerr": [
        0.006478846682626797,
        0.0076046757358758975,
        0.00891898620381951,
        0.005540794877709128,
        0.012911793224467876,
        0.20366498317973245,
        0.2558709799061242,
        0.3152014745482883
      ]
    }
  },
  "Axis: GPU memory usage": {
    "Label: GPU periodic GDR=on": {
      "x_data": [
        1.0,
        2.0,
        4.0,
        8.0,
        16.0,
        32.0,
        64.0,
        128.0,
        256.0
      ],
      "y_data": [
        19244.0,
        9733.4,
        4925.9,
        2478.2,
        1271.9,
        644.4,
        326.7,
        165.7,
        87.6
      ]
    },
    "Label: GPU C* GDR=on": {
      "x_data": [
        2.0,
        4.0,
        8.0,
        16.0,
        32.0,
        64.0,
        128.0,
        256.0
      ],
      "y_data": [
        9032.0,
        4516.0,
        2258.0,
        1129.0,
        569.0,
        284.5,
        142.3,
        71.1
      ]
    }
  }
}