{
  "Axis: Unknown axis (0, 0) id(ax) = 140028487757136": {
    "Label: ideal scaling": {
      "x_data": [
        2.0,
        4.0,
        8.0,
        16.0,
        32.0,
        64.0,
        128.0,
        256.0
      ],
      "y_data": [
        1.0,
        1.0,
        1.0,
        1.0,
        1.0,
        1.0,
        1.0,
        1.0
      ]
    },
    "Label: G8": {
      "x_data": [
        2.0,
        4.0,
        8.0,
        16.0,
        32.0,
        64.0,
        128.0
      ],
      "y_data": [
        1.0,
        1.153536977491961,
        1.1228482003129887,
        0.7897633461750138,
        0.47250576226539337,
        0.21709531013615732,
        0.066190036900369
      ],
      "y_abserr": [
        5.069140489515615e-18,
        0.0448754383964581,
        0.043886389908155056,
        0.030385308402031973,
        0.02022825392334786,
        0.008757305703859639,
        0.002589898672213505
      ],
      "y_relerr": [
        5.069140489515615e-18,
        0.03890247063776578,
        0.03908488244085169,
        0.038473941021945714,
        0.04281059732767071,
        0.04033853010628029,
        0.03912822523595038
      ]
    },
    "Label: D300": {
      "x_data": [
        4.0,
        8.0,
        16.0,
        32.0,
        64.0,
        128.0,
        256.0
      ],
      "y_data": [
        1.0,
        1.2046242774566476,
        0.8763666947014297,
        0.6850756081525312,
        0.3854975952645209,
        0.13893333333333333,
        0.03955960516324981
      ],
      "y_abserr": [
        0.0,
        0.02383023924447036,
        0.08444898977384648,
        0.016247034830921922,
        0.007844892285506382,
        0.0027763492661060127,
        0.000783365735976075
      ],
      "y_relerr": [
        0.0,
        0.019782300332501782,
        0.09636261884942751,
        0.023715681360683534,
        0.02035004208034909,
        0.019983320053546156,
        0.0198021626541361
      ]
    }
  },
  "Axis: Unknown axis (0, 1) id(ax) = 140028486061648": {
    "Label: ideal scaling": {
      "x_data": [
        2.0,
        4.0,
        8.0,
        16.0,
        32.0,
        64.0,
        128.0,
        256.0
      ],
      "y_data": [
        4.783333333333332,
        4.783333333333332,
        4.783333333333332,
        4.783333333333332,
        4.783333333333332,
        4.783333333333332,
        4.783333333333332,
        4.783333333333332
      ]
    },
    "Label: G8": {
      "x_data": [
        2.0,
        4.0,
        8.0,
        16.0,
        32.0,
        64.0,
        128.0
      ],
      "y_data": [
        4.783333333333332,
        4.146666666666667,
        4.260000000000001,
        6.056666666666666,
        10.123333333333333,
        22.03333333333333,
        72.26666666666667
      ],
      "y_abserr": [
        0.18263503375736975,
        0.030912061651652518,
        0.03559026084010403,
        0.028674417556808867,
        0.19601587237318877,
        0.28674417556808723,
        0.6182412330330425
      ],
      "y_relerr": [
        0.03818154015833515,
        0.007454677247183082,
        0.00835452132396808,
        0.004734356228421938,
        0.01936277962198111,
        0.0130141078170085,
        0.008554998612080845
      ]
    },
    "Label: D300": {
      "x_data": [
        4.0,
        8.0,
        16.0,
        32.0,
        64.0,
        128.0,
        256.0
      ],
      "y_data": [
        3.473333333333333,
        2.883333333333333,
        3.9633333333333334,
        5.07,
        9.01,
        25.0,
        87.8
      ],
      "y_abserr": [
        0.06847546194724703,
        0.004714045207910426,
        0.37383894333730877,
        0.0668331255192111,
        0.04546060565661933,
        0.08164965809277376,
        0.16329931618554752
      ],
      "y_relerr": [
        0.019714624361011623,
        0.0016349289738417665,
        0.09432437594717631,
        0.01318207603929213,
        0.005045572214941102,
        0.0032659863237109506,
        0.001859901095507375
      ]
    }
  },
  "Axis: GPU memory usage": {
    "Label: G8": {
      "x_data": [
        2.0,
        4.0,
        8.0,
        16.0,
        32.0,
        64.0,
        128.0
      ],
      "y_data": [
        49863.4,
        31304.0,
        21973.6,
        17468.8,
        15041.4,
        13822.6,
        13210.4
      ]
    },
    "Label: D300": {
      "x_data": [
        4.0,
        8.0,
        16.0,
        32.0,
        64.0,
        128.0,
        256.0
      ],
      "y_data": [
        51802.0,
        32094.9,
        22378.1,
        17659.7,
        15137.6,
        13870.5,
        13235.7
      ]
    }
  },
  "Axis: Iteration count": {
    "Label: G8": {
      "x_data": [
        2.0,
        4.0,
        8.0,
        16.0,
        32.0,
        64.0,
        128.0
      ],
      "y_data": [
        58.333333333333336,
        58.333333333333336,
        57.333333333333336,
        58.666666666666664,
        58.666666666666664,
        59.333333333333336,
        59.666666666666664
      ],
      "y_abserr": [
        1.247219128924647,
        0.4714045207910317,
        0.4714045207910317,
        0.4714045207910317,
        0.4714045207910317,
        0.4714045207910317,
        0.4714045207910317
      ],
      "y_relerr": [
        0.02138089935299395,
        0.008081220356417685,
        0.00822217187426218,
        0.008035304331665313,
        0.008035304331665313,
        0.007945020013331994,
        0.007900634426665335
      ]
    },
    "Label: D300": {
      "x_data": [
        4.0,
        8.0,
        16.0,
        32.0,
        64.0,
        128.0,
        256.0
      ],
      "y_data": [
        38.0,
        36.0,
        37.666666666666664,
        38.666666666666664,
        37.666666666666664,
        38.0,
        36.0
      ],
      "y_abserr": [
        0.0,
        0.0,
        0.4714045207910317,
        0.4714045207910317,
        0.4714045207910317,
        0.0,
        0.0
      ],
      "y_relerr": [
        0.0,
        0.0,
        0.012515164268788452,
        0.012191496227354269,
        0.012515164268788452,
        0.0,
        0.0
      ]
    }
  }
}