{
  "Axis: Unknown axis (0, 0) id(ax) = 140258185933520": {
    "Label: ideal scaling": {
      "x_data": [
        2.0,
        4.0,
        8.0,
        16.0,
        32.0,
        64.0,
        128.0,
        256.0
      ],
      "y_data": [
        1.0,
        2.0,
        4.0,
        8.0,
        16.0,
        32.0,
        64.0,
        128.0
      ]
    },
    "Label: G8": {
      "x_data": [
        2.0,
        4.0,
        8.0,
        16.0,
        32.0,
        64.0,
        128.0,
        256.0
      ],
      "y_data": [
        1.0,
        1.8811725359039935,
        3.120757180156658,
        3.7498039215686267,
        3.925287356321839,
        2.979976626412154,
        2.4183105715730906,
        1.4094929245283017
      ],
      "y_abserr": [
        2.2869314281320257e-18,
        0.04200942957265063,
        0.12210542787896699,
        0.10797294284058648,
        0.2009139691920676,
        0.31474198645316853,
        0.449876274923305,
        0.11325374703123146
      ],
      "y_relerr": [
        2.2869314281320257e-18,
        0.022331513335890313,
        0.03912685955042406,
        0.028794290341298427,
        0.05118452509431883,
        0.10561894468015108,
        0.18602915614377202,
        0.08035070276719038
      ]
    },
    "Label: D300": {
      "x_data": [
        4.0,
        8.0,
        16.0,
        32.0,
        64.0,
        128.0,
        256.0
      ],
      "y_data": [
        1.0,
        1.8703290574456213,
        2.8039297658862874,
        3.525546677880571,
        3.3990472329211423,
        2.022617611580217,
        1.2234585917548337
      ],
      "y_abserr": [
        0.0,
        0.07969752765032714,
        0.09925595978328085,
        0.172199862028819,
        0.21090165209932676,
        0.2521148394184437,
        0.11741399878329316
      ],
      "y_relerr": [
        0.0,
        0.042611500544814856,
        0.03539887517542982,
        0.048843449757510864,
        0.06204728491462527,
        0.12464780192508713,
        0.0959689192381114
      ]
    },
    "Label: D300x16": {
      "x_data": [
        64.0,
        128.0,
        256.0
      ],
      "y_data": [
        1.0,
        1.5910447761194033,
        1.3018143754361478
      ],
      "y_abserr": [
        0.0,
        0.09796392167580667,
        0.0672487512510326
      ],
      "y_relerr": [
        0.0,
        0.06157207084689536,
        0.051657711360348295
      ]
    }
  },
  "Axis: Unknown axis (0, 1) id(ax) = 140258155911248": {
    "Label: ideal scaling": {
      "x_data": [
        2.0,
        4.0,
        8.0,
        16.0,
        32.0,
        64.0,
        128.0,
        256.0
      ],
      "y_data": [
        4.781,
        2.3905,
        1.19525,
        0.597625,
        0.2988125,
        0.14940625,
        0.074703125,
        0.0373515625
      ]
    },
    "Label: G8": {
      "x_data": [
        2.0,
        4.0,
        8.0,
        16.0,
        32.0,
        64.0,
        128.0,
        256.0
      ],
      "y_data": [
        4.781,
        2.5415,
        1.532,
        1.2750000000000001,
        1.218,
        1.604375,
        1.9769999999999999,
        3.3920000000000003
      ],
      "y_abserr": [
        0.08239538822045814,
        0.036093628246547875,
        0.05381449618829484,
        0.029410882339705513,
        0.058702640485756734,
        0.16718136670992972,
        0.36619803385599986,
        0.26620668661774816
      ],
      "y_relerr": [
        0.017233923493088922,
        0.014201703028348563,
        0.03512695573648488,
        0.023067358697808245,
        0.04819592814922556,
        0.10420342295905241,
        0.1852291521780475,
        0.07848074487551537
      ]
    },
    "Label: D300": {
      "x_data": [
        4.0,
        8.0,
        16.0,
        32.0,
        64.0,
        128.0,
        256.0
      ],
      "y_data": [
        3.3534999999999995,
        1.7930000000000004,
        1.196,
        0.9512,
        0.9866000000000001,
        1.658,
        2.741
      ],
      "y_abserr": [
        0.09078959191449205,
        0.05899999999999996,
        0.027276363393971735,
        0.03866988492354224,
        0.05508121276805731,
        0.20173249614278804,
        0.2523667965481988
      ],
      "y_relerr": [
        0.02707308540763145,
        0.03290574456218625,
        0.022806323908003124,
        0.0406537898691571,
        0.05582932573287786,
        0.12167219308973948,
        0.09207106769361503
      ]
    },
    "Label: D300x16": {
      "x_data": [
        64.0,
        128.0,
        256.0
      ],
      "y_data": [
        3.7310000000000003,
        2.3449999999999998,
        2.8660000000000005
      ],
      "y_abserr": [
        0.13247263868437137,
        0.11796185824239966,
        0.10753604047016055
      ],
      "y_relerr": [
        0.03550593371331315,
        0.05030356428247321,
        0.03752129814032119
      ]
    }
  },
  "Axis: GPU memory usage": {
    "Label: G8": {
      "x_data": [
        2.0,
        4.0,
        8.0,
        16.0,
        32.0,
        64.0,
        128.0,
        256.0
      ],
      "y_data": [
        49940.2,
        25009.0,
        12531.1,
        6452.5,
        3238.2,
        1626.0,
        816.9,
        432.6
      ],
      "y_abserr": [
        153.60000000000002,
        0.0,
        0.0,
        0.0,
        0.0,
        0.0,
        0.0,
        0.0
      ],
      "y_relerr": [
        0.0030756785114997545,
        0.0,
        0.0,
        0.0,
        0.0,
        0.0,
        0.0,
        0.0
      ]
    },
    "Label: D300": {
      "x_data": [
        4.0,
        8.0,
        16.0,
        32.0,
        64.0,
        128.0,
        256.0
      ],
      "y_data": [
        49888.0,
        24990.9,
        12531.1,
        6441.2,
        3233.3,
        1623.3,
        816.9
      ]
    },
    "Label: D300x16": {
      "x_data": [
        64.0,
        128.0,
        256.0
      ],
      "y_data": [
        49888.0,
        24990.9,
        12531.1
      ]
    }
  },
  "Axis: Iteration count": {
    "Label: G8": {
      "x_data": [
        2.0,
        4.0,
        8.0,
        16.0,
        32.0,
        64.0,
        128.0,
        256.0
      ],
      "y_data": [
        57.65,
        57.85,
        57.05,
        56.7,
        57.6,
        57.5,
        56.45,
        57.5
      ],
      "y_abserr": [
        0.7262919523166975,
        0.7921489758877429,
        0.8645808232895291,
        1.0535653752852738,
        0.8602325267042626,
        0.8660254037844386,
        0.6689544080129826,
        1.284523257866513
      ],
      "y_relerr": [
        0.01259829925961314,
        0.013693154293651562,
        0.01515479094284889,
        0.018581399916847863,
        0.01493459247750456,
        0.01506131137016415,
        0.011850388095889858,
        0.022339534919417616
      ]
    },
    "Label: D300": {
      "x_data": [
        4.0,
        8.0,
        16.0,
        32.0,
        64.0,
        128.0,
        256.0
      ],
      "y_data": [
        37.95,
        36.0,
        37.2,
        38.25,
        38.0,
        38.95,
        36.0
      ],
      "y_abserr": [
        0.21794494717703367,
        0.0,
        0.39999999999999997,
        0.4330127018922193,
        0.0,
        0.21794494717703367,
        0.0
      ],
      "y_relerr": [
        0.005742949859737382,
        0.0,
        0.01075268817204301,
        0.011320593513522072,
        0.0,
        0.0055955057041600425,
        0.0
      ]
    },
    "Label: D300x16": {
      "x_data": [
        64.0,
        128.0,
        256.0
      ],
      "y_data": [
        33.75,
        32.75,
        35.0
      ],
      "y_abserr": [
        0.4330127018922193,
        0.4330127018922193,
        0.0
      ],
      "y_relerr": [
        0.012830005981991683,
        0.013221761889838757,
        0.0
      ]
    }
  }
}