{
  "Axis: Unknown axis (0, 0) id(ax) = 140028522010320": {
    "Label: ideal scaling": {
      "x_data": [
        1.0,
        2.0,
        4.0,
        8.0,
        16.0,
        32.0,
        64.0,
        128.0,
        256.0
      ],
      "y_data": [
        1.0,
        1.0,
        1.0,
        1.0,
        1.0,
        1.0,
        1.0,
        1.0,
        1.0
      ]
    },
    "Label: GPU periodic GDR=on": {
      "x_data": [
        1.0,
        2.0,
        4.0,
        8.0,
        16.0,
        32.0,
        64.0,
        128.0,
        256.0
      ],
      "y_data": [
        1.0,
        0.9811631375526633,
        0.9593723350192332,
        0.9552382735363707,
        0.9465052760279471,
        0.9098589113827427,
        0.803344577150398,
        0.838154102042647,
        0.8148627647530923
      ],
      "y_abserr": [
        0.0,
        0.004777874428053916,
        0.00401612556481061,
        0.004534909651967135,
        0.004524092487854374,
        0.011919580394733667,
        0.00756820840198334,
        0.011283686650894005,
        0.017274829370677394
      ],
      "y_relerr": [
        0.0,
        0.004869602459761659,
        0.0041862011423647065,
        0.004747412009758075,
        0.004779785810428797,
        0.013100471123175665,
        0.009420874450698457,
        0.013462544206840699,
        0.021199679403576328
      ]
    },
    "Label: GPU cstar GDR=on": {
      "x_data": [
        2.0,
        4.0,
        8.0,
        16.0,
        32.0,
        64.0,
        128.0,
        256.0
      ],
      "y_data": [
        1.0,
        0.997453178707833,
        0.9864096708788672,
        0.9856444142863828,
        0.929759482743135,
        0.9781846450720877,
        0.9485252859268217,
        0.9731280688071293
      ],
      "y_abserr": [
        0.0,
        0.004717893717711681,
        0.004880017006747102,
        0.005613158028001251,
        0.004856472518910351,
        0.008784864487896553,
        0.0038552388924556658,
        0.0045370871628264585
      ],
      "y_relerr": [
        0.0,
        0.0047299400296899686,
        0.0049472517867744795,
        0.00569491182280502,
        0.005223364331366599,
        0.00898078346675453,
        0.004064455581369811,
        0.0046623741604618065
      ]
    },
    "Label: CPU cstar (256 rank per node)": {
      "x_data": [
        1.0,
        2.0,
        4.0,
        8.0,
        16.0,
        32.0,
        64.0
      ],
      "y_data": [
        1.0,
        0.9861319340329833,
        0.9619744058500913,
        0.8855604173678896,
        0.8112858464384827,
        0.8252823086574654,
        0.18711329208448899
      ],
      "y_abserr": [
        0.0,
        0.002885907553091718,
        0.009350532708295427,
        0.0052255970861597835,
        0.008212346674299868,
        0.00942633499273519,
        0.0008931846727613767
      ],
      "y_relerr": [
        0.0,
        0.002926492341941735,
        0.009720147076088178,
        0.0059008927947475165,
        0.010122630279268142,
        0.011421952093059594,
        0.004773496649067928
      ]
    }
  },
  "Axis: Unknown axis (0, 1) id(ax) = 140028486090000": {
    "Label: ideal scaling": {
      "x_data": [
        1.0,
        2.0,
        4.0,
        8.0,
        16.0,
        32.0,
        64.0,
        128.0,
        256.0
      ],
      "y_data": [
        0.007239551418300001,
        0.007239551418300001,
        0.007239551418300001,
        0.007239551418300001,
        0.007239551418300001,
        0.007239551418300001,
        0.007239551418300001,
        0.007239551418300001,
        0.007239551418300001
      ]
    },
    "Label: GPU periodic GDR=on": {
      "x_data": [
        1.0,
        2.0,
        4.0,
        8.0,
        16.0,
        32.0,
        64.0,
        128.0,
        256.0
      ],
      "y_data": [
        0.007239551418300001,
        0.0073785399606000005,
        0.007546133189420001,
        0.007578791196775006,
        0.0076487174468600014,
        0.007956784648399844,
        0.009011763599599988,
        0.00863749446629999,
        0.008884381188400016
      ],
      "y_abserr": [
        2.6078404371730765e-05,
        2.4177631838943463e-05,
        1.60935216114725e-05,
        2.3435485318153888e-05,
        2.4030142198789353e-05,
        0.00010021961368345587,
        7.844735750058093e-05,
        0.00011204270696428999,
        0.00018560713483744542
      ],
      "y_relerr": [
        0.0036022127428793817,
        0.003276750138651741,
        0.0021326845428644567,
        0.003092245809348378,
        0.0031417217809051575,
        0.01259549153483884,
        0.008704995047147378,
        0.012971667582704141,
        0.020891397037284407
      ]
    },
    "Label: GPU cstar GDR=on": {
      "x_data": [
        2.0,
        4.0,
        8.0,
        16.0,
        32.0,
        64.0,
        128.0,
        256.0
      ],
      "y_data": [
        0.014942885118160002,
        0.014981039147639999,
        0.015148761776480002,
        0.015160523309999998,
        0.016071774900399998,
        0.015276139523800008,
        0.015753807874039995,
        0.015355517528619998
      ],
      "y_abserr": [
        5.3883970690112144e-05,
        4.58555193278408e-05,
        5.1309595224050095e-05,
        6.682475943921427e-05,
        6.0734159634702556e-05,
        0.00012564684742005688,
        2.954247886535487e-05,
        4.53820677566745e-05
      ],
      "y_relerr": [
        0.00360599511165533,
        0.0030609037781644498,
        0.0033870487886154153,
        0.0044078135083329304,
        0.0037789329436906803,
        0.008225039266255776,
        0.001875259562739534,
        0.002955424177146115
      ]
    },
    "Label: CPU cstar (256 rank per node)": {
      "x_data": [
        1.0,
        2.0,
        4.0,
        8.0,
        16.0,
        32.0,
        64.0
      ],
      "y_data": [
        0.017242521599999998,
        0.017485004800000002,
        0.017924096,
        0.0194707456,
        0.021253324800000004,
        0.020892876799999998,
        0.0921501696
      ],
      "y_abserr": [
        3.82137263380583e-05,
        3.34169342842816e-05,
        0.00016963572997219647,
        0.00010648339617724519,
        0.0002099199000975371,
        0.00023410207751525886,
        0.000389594846270638
      ],
      "y_relerr": [
        0.0022162492948860973,
        0.0019111767292326735,
        0.00946411634774755,
        0.005468891554786952,
        0.00987703816099103,
        0.011204875219254578,
        0.004227825602077221
      ]
    }
  },
  "Axis: GPU memory usage": {
    "Label: GPU periodic GDR=on": {
      "x_data": [
        1.0,
        2.0,
        4.0,
        8.0,
        16.0,
        32.0,
        64.0,
        128.0,
        256.0
      ],
      "y_data": [
        19244.0,
        19355.4,
        19470.2,
        19470.2,
        19470.2,
        19470.200000000004,
        19470.200000000004,
        19470.200000000004,
        19470.200000000004
      ],
      "y_abserr": [
        0.0,
        0.0,
        0.0,
        0.0,
        0.0,
        3.637978807091713e-12,
        3.637978807091713e-12,
        3.637978807091713e-12,
        3.637978807091713e-12
      ],
      "y_relerr": [
        0.0,
        0.0,
        0.0,
        0.0,
        0.0,
        1.8684855867385605e-16,
        1.8684855867385605e-16,
        1.8684855867385605e-16,
        1.8684855867385605e-16
      ]
    },
    "Label: GPU cstar GDR=on": {
      "x_data": [
        2.0,
        4.0,
        8.0,
        16.0,
        32.0,
        64.0,
        128.0,
        256.0
      ],
      "y_data": [
        18064.0,
        18064.0,
        18064.0,
        18064.0,
        18064.0,
        18064.0,
        18064.0,
        18064.0
      ]
    }
  },