{
  "Axis: Unknown axis (0, 0) id(ax) = 140057929720400": {
    "Label: ideal scaling": {
      "x_data": [
        2.0,
        4.0,
        8.0,
        16.0,
        32.0,
        64.0,
        128.0,
        256.0
      ],
      "y_data": [
        1.0,
        2.0,
        4.0,
        8.0,
        16.0,
        32.0,
        64.0,
        128.0
      ]
    },
    "Label: G8": {
      "x_data": [
        2.0,
        4.0,
        8.0,
        16.0,
        32.0,
        64.0,
        128.0
      ],
      "y_data": [
        1.0,
        2.307073954983922,
        4.491392801251955,
        6.31810676940011,
        7.560092196246294,
        6.947049924357034,
        4.236162361623616
      ],
      "y_abserr": [
        5.069140489515615e-18,
        0.0897508767929162,
        0.17554555963262022,
        0.2430824672162558,
        0.3236520627735658,
        0.28023378252350845,
        0.16575351502166433
      ],
      "y_relerr": [
        5.069140489515615e-18,
        0.03890247063776578,
        0.03908488244085169,
        0.038473941021945714,
        0.04281059732767071,
        0.04033853010628029,
        0.03912822523595038
      ]
    },
    "Label: D300": {
      "x_data": [
        4.0,
        8.0,
        16.0,
        32.0,
        64.0,
        128.0,
        256.0
      ],
      "y_data": [
        1.0,
        2.409248554913295,
        3.5054667788057188,
        5.48060486522025,
        6.167961524232334,
        4.445866666666666,
        2.5318147304479877
      ],
      "y_abserr": [
        0.0,
        0.04766047848894072,
        0.3377959590953859,
        0.12997627864737538,
        0.1255182765681021,
        0.0888431765153924,
        0.0501354071024688
      ],
      "y_relerr": [
        0.0,
        0.019782300332501782,
        0.09636261884942751,
        0.023715681360683534,
        0.02035004208034909,
        0.019983320053546156,
        0.0198021626541361
      ]
    }
  },
  "Axis: Unknown axis (0, 1) id(ax) = 140057894898768": {
    "Label: ideal scaling": {
      "x_data": [
        2.0,
        4.0,
        8.0,
        16.0,
        32.0,
        64.0,
        128.0,
        256.0
      ],
      "y_data": [
        4.783333333333332,
        2.391666666666666,
        1.195833333333333,
        0.5979166666666665,
        0.29895833333333327,
        0.14947916666666664,
        0.07473958333333332,
        0.03736979166666666
      ]
    },
    "Label: G8": {
      "x_data": [
        2.0,
        4.0,
        8.0,
        16.0,
        32.0,
        64.0,
        128.0
      ],
      "y_data": [
        4.783333333333332,
        2.0733333333333337,
        1.0650000000000002,
        0.7570833333333332,
        0.6327083333333333,
        0.6885416666666666,
        1.1291666666666667
      ],
      "y_abserr": [
        0.18263503375736975,
        0.015456030825826259,
        0.008897565210026007,
        0.0035843021946011084,
        0.012250992023324298,
        0.008960755486502726,
        0.009660019266141288
      ],
      "y_relerr": [
        0.03818154015833515,
        0.007454677247183082,
        0.00835452132396808,
        0.004734356228421938,
        0.01936277962198111,
        0.0130141078170085,
        0.008554998612080845
      ]
    },
    "Label: D300": {
      "x_data": [
        4.0,
        8.0,
        16.0,
        32.0,
        64.0,
        128.0,
        256.0
      ],
      "y_data": [
        3.473333333333333,
        1.4416666666666664,
        0.9908333333333333,
        0.63375,
        0.563125,
        0.78125,
        1.371875
      ],
      "y_abserr": [
        0.06847546194724703,
        0.002357022603955213,
        0.09345973583432719,
        0.008354140689901387,
        0.002841287853538708,
        0.00255155181539918,
        0.00255155181539918
      ],
      "y_relerr": [
        0.019714624361011623,
        0.0016349289738417665,
        0.09432437594717631,
        0.01318207603929213,
        0.005045572214941102,
        0.0032659863237109506,
        0.001859901095507375
      ]
    }
  },
  "Axis: GPU memory usage": {
    "Label: G8": {
      "x_data": [
        2.0,
        4.0,
        8.0,
        16.0,
        32.0,
        64.0,
        128.0
      ],
      "y_data": [
        49863.4,
        31304.0,
        21973.6,
        17468.8,
        15041.4,
        13822.6,
        13210.4
      ]
    },
    "Label: D300": {
      "x_data": [
        4.0,
        8.0,
        16.0,
        32.0,
        64.0,
        128.0,
        256.0
      ],
      "y_data": [
        51802.0,
        32094.9,
        22378.1,
        17659.7,
        15137.6,
        13870.5,
        13235.7
      ]
    }
  },
  "Axis: Iteration count": {
    "Label: G8": {
      "x_data": [
        2.0,
        4.0,
        8.0,
        16.0,
        32.0,
        64.0,
        128.0
      ],
      "y_data": [
        58.333333333333336,
        58.333333333333336,
        57.333333333333336,
        58.666666666666664,
        58.666666666666664,
        59.333333333333336,
        59.666666666666664
      ],
      "y_abserr": [
        1.247219128924647,
        0.4714045207910317,
        0.4714045207910317,
        0.4714045207910317,
        0.4714045207910317,
        0.4714045207910317,
        0.4714045207910317
      ],
      "y_relerr": [
        0.02138089935299395,
        0.008081220356417685,
        0.00822217187426218,
        0.008035304331665313,
        0.008035304331665313,
        0.007945020013331994,
        0.007900634426665335
      ]
    },
    "Label: D300": {
      "x_data": [
        4.0,
        8.0,
        16.0,
        32.0,
        64.0,
        128.0,
        256.0
      ],
      "y_data": [
        38.0,
        36.0,
        37.666666666666664,
        38.666666666666664,
        37.666666666666664,
        38.0,
        36.0
      ],
      "y_abserr": [
        0.0,
        0.0,
        0.4714045207910317,
        0.4714045207910317,
        0.4714045207910317,
        0.0,
        0.0
      ],
      "y_relerr": [
        0.0,
        0.0,
        0.012515164268788452,
        0.012191496227354269,
        0.012515164268788452,
        0.0,
        0.0
      ]
    }
  }
}