{
  "Axis: Unknown axis (0, 0) id(ax) = 140028487019408": {
    "Label: ideal scaling": {
      "x_data": [
        1.0,
        2.0,
        4.0,
        8.0,
        16.0,
        32.0,
        64.0,
        128.0,
        256.0
      ],
      "y_data": [
        1.0,
        1.0,
        1.0,
        1.0,
        1.0,
        1.0,
        1.0,
        1.0,
        1.0
      ]
    },
    "Label: GPU periodic GDR=off": {
      "x_data": [
        1.0,
        2.0,
        4.0,
        8.0,
        16.0,
        32.0,
        64.0,
        128.0,
        256.0
      ],
      "y_data": [
        1.0,
        0.9782319967097061,
        0.962698272908107,
        0.9666916963486151,
        0.9558352003111217,
        0.930163343268925,
        0.8171142143060727,
        0.3808240705250382,
        0.4174729694636175
      ],
      "y_abserr": [
        0.0,
        0.001559780288876118,
        0.0008733383143177405,
        0.0011970433115111655,
        0.0011894597457286586,
        0.001052581767505178,
        0.0008493977708482223,
        0.0006522961054215864,
        0.0003746651167581296
      ],
      "y_relerr": [
        0.0,
        0.001594489133582275,
        0.0009071776057929045,
        0.001238288604353005,
        0.0012444192736797022,
        0.0011316095985959103,
        0.0010395092338095796,
        0.0017128541914965421,
        0.0008974595822084271
      ]
    },
    "Label: GPU periodic GDR=on": {
      "x_data": [
        1.0,
        2.0,
        4.0,
        8.0,
        16.0,
        32.0,
        64.0,
        128.0,
        256.0
      ],
      "y_data": [
        1.0,
        0.9819764240004042,
        0.9595461285773458,
        0.9534876908472333,
        0.9174266915208323,
        0.9522969273927745,
        0.803677341388479,
        0.815542007627037,
        0.4085720728749577
      ],
      "y_abserr": [
        0.0,
        0.0007002356637106646,
        0.0011343042287054925,
        0.0009043222668211587,
        0.0009050229771716621,
        0.0014090581658232357,
        0.0009219162795643975,
        0.0006420599718030335,
        0.00018570684719467607
      ],
      "y_relerr": [
        0.0,
        0.000713088060564656,
        0.0011821257935637223,
        0.0009484362257656541,
        0.0009864798850264444,
        0.0014796416173272712,
        0.0011471223986129087,
        0.000787280073617814,
        0.0004545265316053824
      ]
    },
    "Label: GPU cstar GDR=off": {
      "x_data": [
        2.0,
        4.0,
        8.0,
        16.0,
        32.0,
        64.0,
        128.0,
        256.0
      ],
      "y_data": [
        1.0,
        1.0034745102930511,
        1.0037967448077059,
        0.9899996550441714,
        0.9258121093503662,
        0.9645690097003213,
        0.95572623102144,
        0.9715105124363207
      ],
      "y_abserr": [
        0.0,
        0.0004402470456800413,
        0.001183188960980247,
        0.0006233716712522936,
        0.0007975458090774004,
        0.0004016030407056185,
        0.0008121014137769827,
        0.0008612459694524794
      ],
      "y_relerr": [
        0.0,
        0.00043872269914606315,
        0.001178713685913483,
        0.00062966857420216,
        0.0008614553655352714,
        0.0004163549073905984,
        0.0008497218004669002,
        0.0008865019559002777
      ]
    },
    "Label: GPU cstar GDR=on": {
      "x_data": [
        2.0,
        4.0,
        8.0,
        16.0,
        32.0,
        64.0,
        128.0,
        256.0
      ],
      "y_data": [
        1.0,
        1.004751268263255,
        0.9946279115704069,
        0.988059110423216,
        0.9507070392721941,
        0.9921728237328113,
        0.4029306418057666,
        0.9827030954978089
      ],
      "y_abserr": [
        0.0,
        0.000518571245295297,
        0.0007852442961831659,
        0.0005895707019631164,
        0.00037544817505018844,
        0.0005608413335566034,
        0.00014721040280217475,
        0.0006856988239033463
      ],
      "y_relerr": [
        0.0,
        0.0005161190253500891,
        0.0007894854820063842,
        0.0005966957803876584,
        0.0003949146893217596,
        0.0005652657683633915,
        0.0003653492376316661,
        0.0006977680512505063
      ]
    }
  },
  "Axis: Unknown axis (0, 1) id(ax) = 140028486615952": {
    "Label: ideal scaling": {
      "x_data": [
        1.0,
        2.0,
        4.0,
        8.0,
        16.0,
        32.0,
        64.0,
        128.0,
        256.0
      ],
      "y_data": [
        0.00726768106354001,
        0.00726768106354001,
        0.00726768106354001,
        0.00726768106354001,
        0.00726768106354001,
        0.00726768106354001,
        0.00726768106354001,
        0.00726768106354001,
        0.00726768106354001
      ]
    },
    "Label: GPU periodic GDR=off": {
      "x_data": [
        1.0,
        2.0,
        4.0,
        8.0,
        16.0,
        32.0,
        64.0,
        128.0,
        256.0
      ],
      "y_data": [
        0.00726768106354001,
        0.007429404362139997,
        0.0075492823328600035,
        0.007518096091019994,
        0.007603487568960005,
        0.00781333850246,
        0.008894327055259988,
        0.01908409059732,
        0.01740874642226
      ],
      "y_abserr": [
        6.389957819830004e-06,
        9.882368796038743e-06,
        1.6868401756260027e-06,
        6.555480533864075e-06,
        6.695971698830417e-06,
        5.566126039929495e-06,
        4.93242652528625e-06,
        2.8053128901404643e-05,
        3.1330721587069376e-06
      ],
      "y_relerr": [
        0.0008792292567551834,
        0.0013301697302140361,
        0.00022344377932239192,
        0.0008719601950411732,
        0.0008806447880793055,
        0.0007123876737424113,
        0.000554558708561237,
        0.001469974624064307,
        0.0001799711525868847
      ]
    },
    "Label: GPU periodic GDR=on": {
      "x_data": [
        1.0,
        2.0,
        4.0,
        8.0,
        16.0,
        32.0,
        64.0,
        128.0,
        256.0
      ],
      "y_data": [
        0.007243723967480006,
        0.00737667808558001,
        0.007549114890619992,
        0.007597081784079987,
        0.007895697862759992,
        0.007606581265899995,
        0.0090132240819,
        0.008882097917379997,
        0.01772936636738
      ],
      "y_abserr": [
        2.460840176461691e-06,
        4.624916502505171e-06,
        8.54755680189711e-06,
        6.7272636770242355e-06,
        7.312510418901692e-06,
        1.0954347055482494e-05,
        9.875466405644815e-06,
        6.308165885461425e-06,
        5.3536955367004674e-06
      ],
      "y_relerr": [
        0.0003397203134063906,
        0.0006269646646972429,
        0.0011322594669366753,
        0.0008855062862586931,
        0.0009261385815421206,
        0.0014401143789247873,
        0.001095664139259151,
        0.0007102112523571662,
        0.00030196767474728554
      ]
    },
    "Label: GPU cstar GDR=off": {
      "x_data": [
        2.0,
        4.0,
        8.0,
        16.0,
        32.0,
        64.0,
        128.0,
        256.0
      ],
      "y_data": [
        0.015080606936039997,
        0.015028390638079994,
        0.015023566288739998,
        0.01523294160679999,
        0.016289057772879985,
        0.01563455469166,
        0.015779212128480012,
        0.015522844830799997
      ],
      "y_abserr": [
        5.71228277105617e-06,
        3.326702648996073e-06,
        1.676921511342952e-05,
        7.662119497466762e-06,
        1.2603021191854418e-05,
        2.702318010691785e-06,
        1.200206243221784e-05,
        1.2441624467749773e-05
      ],