{
  "Axis: Unknown axis (0, 0) id(ax) = 140028532994064": {
    "Label: ideal scaling": {
      "x_data": [
        1.0,
        2.0,
        4.0,
        8.0,
        16.0,
        32.0,
        64.0,
        128.0,
        256.0
      ],
      "y_data": [
        1.0,
        2.0,
        4.0,
        8.0,
        16.0,
        32.0,
        64.0,
        128.0,
        256.0
      ]
    },
    "Label: GPU periodic GDR=off": {
      "x_data": [
        1.0,
        2.0,
        4.0,
        8.0,
        16.0,
        32.0,
        64.0,
        128.0,
        256.0
      ],
      "y_data": [
        1.0,
        1.9561913269781759,
        3.814562714507046,
        6.4962007251772365,
        7.950733442825642,
        13.470390400225684,
        20.43554651735031,
        24.37309752151149,
        33.179409282661055
      ],
      "y_abserr": [
        0.0,
        0.0013779612390018446,
        0.009150437025098096,
        0.013350746508910612,
        0.22855742114531732,
        0.04301758847352649,
        0.4762012410044234,
        0.16228534049357463,
        1.262391241166429
      ],
      "y_relerr": [
        0.0,
        0.0007044102588525676,
        0.0023988167740166787,
        0.0020551622515553292,
        0.0287467090663889,
        0.0031934923335856526,
        0.023302593869956752,
        0.006658379812017859,
        0.03804742966976604
      ]
    },
    "Label: GPU periodic GDR=on": {
      "x_data": [
        1.0,
        2.0,
        4.0,
        8.0,
        16.0,
        32.0,
        64.0,
        128.0,
        256.0
      ],
      "y_data": [
        1.0,
        1.9670757818564821,
        3.843193084516077,
        6.95738132053441,
        8.607892820726292,
        13.820385609836558,
        21.422133491763635,
        31.17935199404927,
        21.284383900586878
      ],
      "y_abserr": [
        0.0,
        0.0021584592250459816,
        0.0038811452829699976,
        0.02433220836135626,
        0.04073888170405023,
        0.30590325298043886,
        0.48789900793768315,
        0.747384164282394,
        1.7125284073892837
      ],
      "y_relerr": [
        0.0,
        0.0010972933757584448,
        0.0010098751734870742,
        0.0034973228058581174,
        0.004732735705765083,
        0.02213420534103726,
        0.022775462963353775,
        0.02397048419816537,
        0.08045938352681488
      ]
    },
    "Label: GPU C* GDR=off": {
      "x_data": [
        2.0,
        4.0,
        8.0,
        16.0,
        32.0,
        64.0,
        128.0,
        256.0
      ],
      "y_data": [
        1.0,
        1.9690845287931285,
        3.390986959482737,
        4.5872430119652075,
        6.7159475531199,
        8.967897001950769,
        17.62335955790589,
        19.861462274512565
      ],
      "y_abserr": [
        0.0,
        0.001935130031032628,
        0.0037071164474830618,
        0.011132166509158457,
        0.025869827991117176,
        0.043286019717353075,
        1.6292506627787684,
        0.2568929394613665
      ],
      "y_relerr": [
        0.0,
        0.000982756201034543,
        0.0010932263944915162,
        0.002426766247203755,
        0.003851999704658105,
        0.0048267748512206545,
        0.09244835852241816,
        0.012934240989447544
      ]
    },
    "Label: GPU C* GDR=on": {
      "x_data": [
        2.0,
        4.0,
        8.0,
        16.0,
        32.0,
        64.0,
        128.0,
        256.0
      ],
      "y_data": [
        1.0,
        1.9650316073913734,
        3.3795812134843346,
        4.778067722134066,
        7.248227530354219,
        11.995308342719918,
        18.41428485805274,
        21.997994267726437
      ],
      "y_abserr": [
        0.0,
        0.0026577604362886713,
        0.009838171353392244,
        0.018439589149265627,
        0.038025812990766884,
        0.40387781072140744,
        0.19685920333840493,
        0.20433770047937214
      ],
      "y_relerr": [
        0.0,
        0.0013525280846840484,
        0.002911062268348074,
        0.003859214691295712,
        0.0052462223118027,
        0.033669648097585186,
        0.010690570112057138,
        0.009288924162470522
      ]
    }
  },
  "Axis: Unknown axis (0, 1) id(ax) = 140028524023760": {
    "Label: ideal scaling": {
      "x_data": [
        1.0,
        2.0,
        4.0,
        8.0,
        16.0,
        32.0,
        64.0,
        128.0,
        256.0
      ],
      "y_data": [
        0.007249765733619998,
        0.003624882866809999,
        0.0018124414334049995,
        0.0009062207167024998,
        0.0004531103583512499,
        0.00022655517917562494,
        0.00011327758958781247,
        5.6638794793906235e-05,
        2.8319397396953118e-05
      ]
    },
    "Label: GPU periodic GDR=off": {
      "x_data": [
        1.0,
        2.0,
        4.0,
        8.0,
        16.0,
        32.0,
        64.0,
        128.0,
        256.0
      ],
      "y_data": [
        0.007249765733619998,
        0.003706061689179997,
        0.0019005496242200024,
        0.0011160008811800072,
        0.0009118360948400095,
        0.0005382001202799984,
        0.0003547625079400132,
        0.0002974495025600015,
        0.00021850195317999805
      ],
      "y_abserr": [
        3.097860783053245e-06,
        2.0754087501383805e-06,
        4.486155658706052e-06,
        2.2434400212585075e-06,
        2.6209390935053375e-05,
        1.703282537678796e-06,
        8.265496639566242e-06,
        1.9764491483245363e-06,
        8.31291338462452e-06
      ],
      "y_relerr": [
        0.00042730494982579277,
        0.0005600038326932398,
        0.0023604517354011206,
        0.002010249327837805,
        0.02874353305749765,
        0.003164775468263857,
        0.023298675746659947,
        0.006644654407938863,
        0.038045030095344226
      ]
    },
    "Label: GPU periodic GDR=on": {
      "x_data": [
        1.0,
        2.0,
        4.0,
        8.0,
        16.0,
        32.0,
        64.0,
        128.0,
        256.0
      ],
      "y_data": [
        0.007292247568660008,
        0.0037071513136000015,
        0.0018974450172800062,
        0.0010481310758600013,
        0.0008471582674799992,
        0.0005276442911599952,
        0.00034040715746000395,
        0.0002338806646800026,
        0.0003426102255399997
      ],
      "y_abserr": [
        2.800373636965062e-06,
        3.8105853152131124e-06,
        1.7722339693113503e-06,
        3.6434873923335035e-06,
        3.996155675189375e-06,
        1.1677229207860501e-05,
        7.751828455181983e-06,
        5.605513287339273e-06,
        2.756589355457095e-05
      ],
      "y_relerr": [
        0.00038402064803727537,
        0.0010279012084652855,
        0.0009340107108093459,
        0.003476175333647071,
        0.004717129996354218,
        0.022130873778978627,
        0.02277222521707048,
        0.02396740788730347,
        0.08045846708493129
      ]
    },
    "Label: GPU C* GDR=off": {
      "x_data": [
        2.0,
        4.0,
        8.0,
        16.0,
        32.0,
        64.0,
        128.0,
        256.0
      ],
      "y_data": [
        0.007551695462940014,
        0.0038351301594800116,
        0.0022269904169999973,
        0.0016462383709000006,
        0.0011244422925000162,
        0.0008420809763200123,
        0.0004285048737799997,
        0.0003802185034800186
      ],
      "y_abserr": [
        2.6483841630094836e-06,
        3.520847580662779e-06,
        2.3059332840949154e-06,
        3.953099110820923e-06,
        4.31336280476123e-06,
        4.053792561682565e-06,
        3.961428716287043e-05,
        4.916029682927742e-06
      ],
      "y_relerr": [
        0.000350700604388305,
        0.0009180516525520363,
        0.001035448229364751,
        0.0024012920490121725,
        0.0038360019304958396,
        0.004814017506247547,
        0.09244769333290932,
        0.012929485645577192
      ]
    },