{
  "Axis: None": {
    "Label: G8, 4 Nodes": {
      "x_data": [
        0.0,
        1.0,
        2.0,
        3.0,
        4.0,
        5.0,
        6.0,
        7.0,
        8.0,
        9.0,
        10.0,
        11.0,
        12.0,
        13.0,
        14.0,
        15.0,
        16.0,
        17.0,
        18.0
      ],
      "y_data": [
        6.110594007703992e-12,
        6.166541576385498e-12,
        NaN,
        6.473579671647813e-12,
        6.238467163509793e-12,
        NaN,
        6.233951780531141e-12,
        7.262660397423639e-12,
        7.262028588189018e-12,
        7.192933559417724e-12,
        NaN,
        NaN,
        7.552243603600396e-12,
        3.80979511472914e-12,
        6.4329107602437335e-12,
        7.58396519554986e-12,
        6.5005322297414134e-12,
        6.202567948235407e-12,
        6.210125817192924e-12
      ],
      "y_abserr": [
        1.5858914419101502e-13,
        1.5526243214584648e-13,
        0.0,
        1.8476027498843327e-13,
        1.4409378021429733e-13,
        0.0,
        1.4143882301522228e-13,
        2.777730920885345e-13,
        2.521629383229907e-13,
        2.8445022365084494e-13,
        0.0,
        0.0,
        2.8713100839840175e-13,
        7.408542639933588e-15,
        2.0436023007554397e-13,
        2.4240735061264625e-13,
        1.834558880232166e-13,
        1.3123850974149034e-13,
        1.5415761505998842e-13
      ],
      "y_relerr": [
        0.0259531469430095,
        0.025178202436908426,
        NaN,
        0.028540665962237796,
        0.023097625816985056,
        NaN,
        0.02268846920775693,
        0.0382467411235519,
        0.03472348466558079,
        0.03954578772362128,
        NaN,
        NaN,
        0.038019299094313806,
        0.0019446039529241992,
        0.031767925546009136,
        0.031963141227874664,
        0.02822167194000888,
        0.021158737935120388,
        0.024823589665961085
      ]
    },
    "Label: D300, 4 Nodes": {
      "x_data": [
        0.0,
        1.0,
        2.0,
        3.0,
        4.0,
        5.0,
        6.0,
        7.0,
        8.0,
        9.0,
        10.0,
        11.0,
        12.0,
        13.0,
        14.0,
        15.0,
        16.0,
        17.0,
        18.0
      ],
      "y_data": [
        1.0137079821692573e-11,
        NaN,
        1.0462605953216554e-11,
        NaN,
        1.0415823371322067e-11,
        NaN,
        NaN,
        1.2350481086307102e-11,
        1.2165774239434136e-11,
        1.2317224785133645e-11,
        1.1821624305513168e-11,
        1.2531742453575131e-11,
        1.2669152683681913e-11,
        7.450256082746718e-12,
        1.2089010079701743e-11,
        1.095967557695177e-11,
        1.2165400716993545e-11,
        1.2680041790008547e-11,
        1.262202925152249e-11
      ],
      "y_abserr": [
        2.3171272515965064e-13,
        0.0,
        1.7665435746545858e-13,
        0.0,
        2.1972918738792786e-13,
        0.0,
        0.0,
        3.523972783631353e-13,
        3.3219042481762163e-13,
        3.089693964864501e-13,
        2.838833534193859e-13,
        4.393552911681961e-13,
        3.8968598450668927e-13,
        3.7869704597003474e-14,
        2.462998413161318e-13,
        2.0532193364975721e-13,
        3.060730135440651e-13,
        3.603274241865253e-13,
        4.3945940850151655e-13
      ],
      "y_relerr": [
        0.022857936332295933,
        NaN,
        0.01688435541349516,
        NaN,
        0.021095709820973845,
        NaN,
        NaN,
        0.02853308109218805,
        0.027305325438381038,
        0.02508433530086767,
        0.024013904188022045,
        0.03505939359955919,
        0.030758646157024498,
        0.005083007104239279,
        0.020373863508451013,
        0.018734307617786595,
        0.025159303886843558,
        0.028416895634401723,
        0.034816858663872
      ]
    },
    "Label: A400, 2 Nodes": {
      "x_data": [
        0.0,
        1.0,
        2.0,
        3.0,
        4.0,
        5.0,
        6.0,
        7.0,
        8.0,
        9.0,
        10.0,
        11.0,
        12.0,
        13.0,
        14.0,
        15.0,
        16.0,
        17.0,
        18.0
      ],
      "y_data": [
        1.1127008861965604e-11,
        NaN,
        1.130828963385688e-11,
        NaN,
        1.1223492357465955e-11,
        1.0945384767320422e-11,
        NaN,
        1.3163080215454103e-11,
        1.2941134770711263e-11,
        1.3066427442762589e-11,
        1.2800836563110353e-11,
        1.3757770326402452e-11,
        1.38405089908176e-11,
        8.101987838745118e-12,
        1.2637616263495552e-11,
        1.1455709669325088e-11,
        1.2619743347167969e-11,
        1.3576358159383137e-11,
        NaN
      ],
      "y_abserr": [
        2.7556063200491585e-13,
        0.0,
        2.833245785632999e-13,
        0.0,
        3.2196370147850147e-13,
        2.626639351615104e-13,
        0.0,
        3.724923000482079e-13,
        3.653771763885841e-13,
        3.825474644683057e-13,
        3.75125304563428e-13,
        3.9611691425866804e-13,
        4.951092662316162e-13,
        3.3745303049522676e-14,
        2.2447270435954775e-13,
        2.0117386563798632e-13,
        3.287337828270913e-13,
        4.385238553864289e-13,
        0.0
      ],
      "y_relerr": [
        0.024765023145334103,
        NaN,
        0.025054591608180042,
        NaN,
        0.028686588026616215,
        0.023997688591610295,
        NaN,
        0.02829826256098353,
        0.028233781879431152,
        0.02927712767273631,
        0.02930474916338436,
        0.028792231943171962,
        0.03577247531576284,
        0.004165064638599772,
        0.01776226621217717,
        0.01756101293110359,
        0.026049165484879955,
        0.03230055146146453,
        NaN
      ]
    }
  }
}