{
  "Axis: None": {
    "Label: G8, 1 Node": {
      "x_data": [
        0.0,
        1.0,
        2.0,
        3.0,
        4.0,
        5.0
      ],
      "y_data": [
        4.162527455223931e-12,
        4.547081059879727e-12,
        4.621800780296326e-12,
        4.666604598363241e-12,
        4.673900538020664e-12,
        4.684452215830485e-12
      ],
      "y_abserr": [
        2.898176399910468e-14,
        2.5458493884225826e-14,
        2.6255271864960357e-14,
        3.337383583468767e-14,
        4.248148244394983e-14,
        4.209952051872435e-14
      ],
      "y_relerr": [
        0.006962540021864084,
        0.0055988651948287935,
        0.005680745041389907,
        0.007151631369495749,
        0.009089085678733802,
        0.008987074385443534
      ]
    },
    "Label: D300, 2 Nodes": {
      "x_data": [
        0.0,
        1.0,
        2.0,
        3.0,
        4.0,
        5.0
      ],
      "y_data": [
        8.793752723269994e-12,
        8.566137817170884e-12,
        8.78044499291314e-12,
        8.766694201363459e-12,
        NaN,
        NaN
      ],
      "y_abserr": [
        6.726191454965771e-14,
        6.431336652414332e-14,
        6.455066016098937e-14,
        5.648128649334644e-14,
        0.0,
        0.0
      ],
      "y_relerr": [
        0.007648829420876197,
        0.0075078603563004465,
        0.007351638807952148,
        0.006442712064093905,
        NaN,
        NaN
      ]
    },
    "Label: A400, 2 Nodes": {
      "x_data": [
        0.0,
        1.0,
        2.0,
        3.0,
        4.0,
        5.0
      ],
      "y_data": [
        8.643363316853842e-12,
        8.687667846679686e-12,
        8.908374574449326e-12,
        9.082815382215713e-12,
        NaN,
        NaN
      ],
      "y_abserr": [
        3.718777431052452e-14,
        6.404874285409102e-14,
        6.654424783764962e-14,
        5.902568560065649e-14,
        0.0,
        0.0
      ],
      "y_relerr": [
        0.004302465712393629,
        0.007372374725234185,
        0.007469852921150104,
        0.006498611181311651,
        NaN,
        NaN
      ]
    }
  }
}