{
  "Axis: None": {
    "Label: G8, 1 Node": {
      "x_data": [
        0.0,
        1.0,
        2.0,
        3.0,
        4.0,
        5.0
      ],
      "y_data": [
        3.6929912037319605e-12,
        3.737887740135193e-12,
        3.752566377321879e-12,
        3.75531084007687e-12,
        3.779641456074185e-12,
        3.9638886849085486e-12
      ],
      "y_abserr": [
        3.04088032418831e-14,
        2.2776867885386037e-14,
        4.009825537246569e-14,
        2.0297678787989956e-14,
        1.865561494064324e-14,
        5.130636306422343e-14
      ],
      "y_relerr": [
        0.00823419324994693,
        0.006093513093189428,
        0.010685555254876772,
        0.005405059568271176,
        0.004935816044313458,
        0.012943441943654663
      ]
    },
    "Label: D300, 2 Nodes": {
      "x_data": [
        0.0,
        1.0,
        2.0,
        3.0,
        4.0,
        5.0
      ],
      "y_data": [
        7.508578565385607e-12,
        7.467483811908297e-12,
        7.505004935794406e-12,
        7.597657044728597e-12,
        NaN,
        NaN
      ],
      "y_abserr": [
        5.0397584446661455e-14,
        4.248138710254204e-14,
        4.544467028395209e-14,
        4.041671945324914e-14,
        0.0,
        0.0
      ],
      "y_relerr": [
        0.0067120006813264615,
        0.0056888489044726875,
        0.006055248553829467,
        0.005319629356169879,
        NaN,
        NaN
      ]
    },
    "Label: A400, 2 Nodes": {
      "x_data": [
        0.0,
        1.0,
        2.0,
        3.0,
        4.0,
        5.0
      ],
      "y_data": [
        7.497018178304036e-12,
        7.656823264227973e-12,
        7.819896274142795e-12,
        7.873957951863607e-12,
        NaN,
        NaN
      ],
      "y_abserr": [
        2.2949165916851926e-14,
        4.090799465333075e-14,
        3.473404167042899e-14,
        3.092229335581975e-14,
        0.0,
        0.0
      ],
      "y_relerr": [
        0.00306110581181003,
        0.005342684980656329,
        0.0044417522244227575,
        0.003927160081989144,
        NaN,
        NaN
      ]
    }
  }
}