{
  "Axis: None": {
    "Label: Native to Dual": {
      "x_data": [
        "('G8', 2, True, False, 32)",
        "('G8', 4, True, False, 32)",
        "('G8', 8, True, False, 32)",
        "('D300', 4, True, False, 32)",
        "('D300', 8, True, False, 32)",
        "('A400', 2, True, False, 32)",
        "('A400', 4, True, False, 32)"
      ],
      "y_data": [
        4.189525510636702,
        3.9820171614284368,
        3.2093794896941374,
        5.344773332300647,
        4.733540519497509,
        4.3847095724805945,
        2.668954845372203
      ],
      "y_abserr": [
        0.0060724148836393856,
        0.018108193684507046,
        0.002464017276017259,
        0.009679362850369308,
        0.005308646625262254,
        0.006070494081729738,
        0.007155385489886178
      ],
      "y_relerr": [
        0.0014494278333482523,
        0.004547492627583564,
        0.0007677550392309906,
        0.0018109959484854047,
        0.0011214959718620504,
        0.0013844689098291706,
        0.002680969107549031
      ]
    },
    "Label: Dual to Native": {
      "x_data": [
        "('G8', 2, True, False, 32)",
        "('G8', 4, True, False, 32)",
        "('G8', 8, True, False, 32)",
        "('D300', 4, True, False, 32)",
        "('D300', 8, True, False, 32)",
        "('A400', 2, True, False, 32)",
        "('A400', 4, True, False, 32)"
      ],
      "y_data": [
        4.965980539410076,
        4.884443780548385,
        3.5059409793943574,
        6.501048756235484,
        5.552300432871092,
        4.176744385287727,
        2.478845611684199
      ],
      "y_abserr": [
        0.008827643240114699,
        0.023160304194862674,
        0.005126826918195194,
        0.028456377496471053,
        0.010708992675301766,
        0.007681698967892639,
        0.009212970775518602
      ],
      "y_relerr": [
        0.0017776234059031092,
        0.004741646180286761,
        0.0014623255064267625,
        0.0043771979819682335,
        0.001928748778056333,
        0.001839159464713918,
        0.0037166375881146725
      ]
    },
    "Label: Host to Device": {
      "x_data": [
        "('G8', 2, True, False, 32)",
        "('G8', 4, True, False, 32)",
        "('G8', 8, True, False, 32)",
        "('D300', 4, True, False, 32)",
        "('D300', 8, True, False, 32)",
        "('A400', 2, True, False, 32)",
        "('A400', 4, True, False, 32)"
      ],
      "y_data": [
        7.090233565337918,
        6.9931769776185915,
        5.588331813737856,
        9.234661393582703,
        8.204481268711246,
        6.920799816382042,
        3.7079265115668094
      ],
      "y_abserr": [
        0.021824731266504967,
        0.05814218696433048,
        0.009126243337560225,
        0.024318792628627586,
        0.026929249808407482,
        0.030174984141089177,
        0.020489104453427515
      ],
      "y_relerr": [
        0.0030781399604661412,
        0.008314130637679046,
        0.0016330890222239639,
        0.0026334254816887015,
        0.003282261111510528,
        0.004360042905685955,
        0.0055257579645961495
      ]
    },
    "Label: Device to Host": {
      "x_data": [
        "('G8', 2, True, False, 32)",
        "('G8', 4, True, False, 32)",
        "('G8', 8, True, False, 32)",
        "('D300', 4, True, False, 32)",
        "('D300', 8, True, False, 32)",
        "('A400', 2, True, False, 32)",
        "('A400', 4, True, False, 32)"
      ],
      "y_data": [
        7.8569099554232045,
        5.121938345938005,
        3.7440130145687545,
        9.655593580255406,
        7.080632508555584,
        4.951764971302315,
        3.042701540445538
      ],
      "y_abserr": [
        0.02078513506547759,
        0.18129321803341375,
        0.02541773225530945,
        0.024552124495815196,
        0.044920446303384036,
        0.033480246301645214,
        0.02667278276737641
      ],
      "y_relerr": [
        0.0026454592433162254,
        0.03539543153173443,
        0.006788900614502039,
        0.0025427876900309377,
        0.006344129037781061,
        0.006761275322168594,
        0.00876615153107352
      ]
    },
    "Label: Solver": {
      "x_data": [
        "('G8', 2, True, False, 32)",
        "('G8', 4, True, False, 32)",
        "('G8', 8, True, False, 32)",
        "('D300', 4, True, False, 32)",
        "('D300', 8, True, False, 32)",
        "('A400', 2, True, False, 32)",
        "('A400', 4, True, False, 32)"
      ],
      "y_data": [
        75.94044457801817,
        79.02954548964553,
        83.68671502032022,
        69.50476574990887,
        74.5105305990289,
        79.23482808955382,
        88.10600238113062
      ],
      "y_abserr": [
        0.14359690048342474,
        0.5089814091385446,
        0.06627778200893589,
        0.15982409205860826,
        0.06738131784218429,
        0.1550435989323936,
        0.35328259897231484
      ],
      "y_relerr": [
        0.0018909146671626216,
        0.006440393981580364,
        0.0007919749507773459,
        0.0022994695447746015,
        0.0009043193935202292,
        0.0019567607158452872,
        0.004009744959759702
      ]
    }
  }
}