{
  "Axis: None": {
    "Label: Native to Dual": {
      "x_data": [
        "('A400', 2, True, False, 32)",
        "('A400', 4, True, False, 32)",
        "('D300', 4, True, False, 32)",
        "('D300', 8, True, False, 32)",
        "('G8', 2, True, False, 32)",
        "('G8', 4, True, False, 32)",
        "('G8', 8, True, False, 32)"
      ],
      "y_data": [
        0.39973509568930743,
        0.23921076411825318,
        0.535213373420237,
        0.45690601703079037,
        0.4241107975749453,
        0.36448452979391954,
        0.2847755136160789
      ],
      "y_abserr": [
        0.0016263774836291778,
        0.0010802128788508828,
        0.003210723667390106,
        0.0019056626542546255,
        0.012298614890478678,
        0.001462638257229926,
        0.0011960793579034014
      ],
      "y_relerr": [
        0.004068638208573193,
        0.004515736918581484,
        0.005998960091135691,
        0.004170797895459112,
        0.028998589427106886,
        0.004012895301912828,
        0.004200077958654479
      ]
    },
    "Label: Dual to Native": {
      "x_data": [
        "('A400', 2, True, False, 32)",
        "('A400', 4, True, False, 32)",
        "('D300', 4, True, False, 32)",
        "('D300', 8, True, False, 32)",
        "('G8', 2, True, False, 32)",
        "('G8', 4, True, False, 32)",
        "('G8', 8, True, False, 32)"
      ],
      "y_data": [
        0.38425854169318446,
        0.23653393048146001,
        0.5467583039968008,
        0.4905945227543247,
        0.42720826502824233,
        0.36971465925585084,
        0.2829928413811849
      ],
      "y_abserr": [
        0.0016051039893027921,
        0.0009692647802058747,
        0.0034813206833127826,
        0.0012250425940971345,
        0.002987181760805644,
        0.0015101990647714962,
        0.001300612584943259
      ],
      "y_relerr": [
        0.004177145893049283,
        0.00409778325770411,
        0.00636720221323452,
        0.0024970572178821485,
        0.006992331388083431,
        0.0040847692320644625,
        0.004595920443059418
      ]
    },
    "Label: Host to Device": {
      "x_data": [
        "('A400', 2, True, False, 32)",
        "('A400', 4, True, False, 32)",
        "('D300', 4, True, False, 32)",
        "('D300', 8, True, False, 32)",
        "('G8', 2, True, False, 32)",
        "('G8', 4, True, False, 32)",
        "('G8', 8, True, False, 32)"
      ],
      "y_data": [
        6.499077996919899,
        3.8415419827231387,
        9.656440135362624,
        8.465586965452744,
        6.91545479344504,
        6.5381781573696856,
        5.200385550423973
      ],
      "y_abserr": [
        0.041608144205549535,
        0.012345873688691894,
        0.06482035051437783,
        0.02963607697649057,
        0.05934512922287634,
        0.03266246172281017,
        0.0514405044262357
      ],
      "y_relerr": [
        0.00640216107965912,
        0.003213780753722317,
        0.0067126549334677425,
        0.003500770483775382,
        0.008581522256371031,
        0.004995651837047877,
        0.009891671286187982
      ]
    },
    "Label: Device to Host": {
      "x_data": [
        "('A400', 2, True, False, 32)",
        "('A400', 4, True, False, 32)",
        "('D300', 4, True, False, 32)",
        "('D300', 8, True, False, 32)",
        "('G8', 2, True, False, 32)",
        "('G8', 4, True, False, 32)",
        "('G8', 8, True, False, 32)"
      ],
      "y_data": [
        4.6157640313461465,
        2.4418538465679216,
        10.555770092259491,
        7.356533376097759,
        8.585455950048297,
        6.452203215943116,
        3.3974644275417942
      ],
      "y_abserr": [
        0.21161119276452095,
        0.06826680918118232,
        0.07256351231651352,
        0.14521885471517995,
        0.36238251719786746,
        0.3922562710195402,
        0.02193072896043237
      ],
      "y_relerr": [
        0.045845322968732095,
        0.02795695953594143,
        0.006874298292052049,
        0.019740120419627683,
        0.04220888433954738,
        0.06079415943538354,
        0.006455028280104806
      ]
    },
    "Label: Solver": {
      "x_data": [
        "('A400', 2, True, False, 32)",
        "('A400', 4, True, False, 32)",
        "('D300', 4, True, False, 32)",
        "('D300', 8, True, False, 32)",
        "('G8', 2, True, False, 32)",
        "('G8', 4, True, False, 32)",
        "('G8', 8, True, False, 32)"
      ],
      "y_data": [
        88.01614361598985,
        93.19417897688209,
        78.60136992059807,
        83.1611360478047,
        83.57673142223918,
        86.20356752779297,
        90.77194459087164
      ],
      "y_abserr": [
        0.4612072887195857,
        0.1981231996871035,
        0.5885143153389584,
        0.29815424042838073,
        0.642309933961441,
        0.5279733592047406,
        0.5173479472880329
      ],
      "y_relerr": [
        0.005240030632696323,
        0.002125918183540737,
        0.0074873289859129265,
        0.0035852593482728337,
        0.007685272240624223,
        0.0061247274834016156,
        0.005699425627817379
      ]
    }
  },
  "Axis: Unknown axis None id(ax) = 140644326859008": {
    "Label: Native to Dual": {
      "x_data": [
        "('A400', 2, True, False, 32)",
        "('A400', 4, True, False, 32)",
        "('D300', 4, True, False, 32)",
        "('D300', 8, True, False, 32)",
        "('G8', 2, True, False, 32)",
        "('G8', 4, True, False, 32)",
        "('G8', 8, True, False, 32)"
      ],
      "y_data": [
        0.39973509568930743,
        0.23921076411825318,
        0.535213373420237,
        0.45690601703079037,
        0.4241107975749453,
        0.36448452979391954,
        0.2847755136160789
      ],
      "y_abserr": [
        0.0016263774836291778,
        0.0010802128788508828,
        0.003210723667390106,
        0.0019056626542546255,
        0.012298614890478678,
        0.001462638257229926,
        0.0011960793579034014
      ],
      "y_relerr": [
        0.004068638208573193,
        0.004515736918581484,
        0.005998960091135691,
        0.004170797895459112,
        0.028998589427106886,
        0.004012895301912828,
        0.004200077958654479
      ]
    },
    "Label: Dual to Native": {
      "x_data": [
        "('A400', 2, True, False, 32)",
        "('A400', 4, True, False, 32)",
        "('D300', 4, True, False, 32)",
        "('D300', 8, True, False, 32)",
        "('G8', 2, True, False, 32)",
        "('G8', 4, True, False, 32)",
        "('G8', 8, True, False, 32)"
      ],
      "y_data": [
        0.38425854169318446,
        0.23653393048146001,
        0.5467583039968008,
        0.4905945227543247,
        0.42720826502824233,
        0.36971465925585084,
        0.2829928413811849
      ],
      "y_abserr": [
        0.0016051039893027921,
        0.0009692647802058747,
        0.0034813206833127826,
        0.0012250425940971345,
        0.002987181760805644,
        0.0015101990647714962,
        0.001300612584943259
      ],
      "y_relerr": [
        0.004177145893049283,
        0.00409778325770411,
        0.00636720221323452,
        0.0024970572178821485,
        0.006992331388083431,
        0.0040847692320644625,
        0.004595920443059418
      ]
    },
    "Label: Host to Device": {
      "x_data": [
        "('A400', 2, True, False, 32)",
        "('A400', 4, True, False, 32)",
        "('D300', 4, True, False, 32)",
        "('D300', 8, True, False, 32)",
        "('G8', 2, True, False, 32)",
        "('G8', 4, True, False, 32)",
        "('G8', 8, True, False, 32)"
      ],
      "y_data": [
        6.499077996919899,
        3.8415419827231387,
        9.656440135362624,
        8.465586965452744,
        6.91545479344504,
        6.5381781573696856,
        5.200385550423973
      ],