{
  "Axis: None": {
    "Label: A400, 2 Nodes": {
      "x_data": [
        0.0,
        1.0,
        2.0,
        3.0,
        4.0,
        5.0
      ],
      "y_data": [
        2.830773247612847e-12,
        1.499383290608724e-12,
        9.350619845920138e-13,
        6.320354673597549e-13,
        NaN,
        NaN
      ],
      "y_abserr": [
        1.4190418528970373e-13,
        1.1229493034158565e-13,
        1.1221988578420567e-13,
        1.1438759937258993e-13,
        0.0,
        0.0
      ],
      "y_relerr": [
        0.05012912475747382,
        0.07489407881556145,
        0.12001331209413828,
        0.1809828803602258,
        NaN,
        NaN
      ]
    },
    "Label: D300, 2 Nodes": {
      "x_data": [
        0.0,
        1.0,
        2.0,
        3.0,
        4.0,
        5.0
      ],
      "y_data": [
        3.006272183524238e-12,
        1.4864295058780245e-12,
        7.607128222783406e-13,
        4.124314917458429e-13,
        NaN,
        NaN
      ],
      "y_abserr": [
        5.418750714606277e-14,
        3.28391088270384e-14,
        2.043006786105177e-14,
        2.3134758033621258e-14,
        0.0,
        0.0
      ],
      "y_relerr": [
        0.01802481739445795,
        0.022092610983014998,
        0.02685647890075464,
        0.05609357795567618,
        NaN,
        NaN
      ]
    },
    "Label: G8, 1 Node": {
      "x_data": [
        0.0,
        1.0,
        2.0,
        3.0,
        4.0,
        5.0
      ],
      "y_data": [
        1.4265514082378812e-12,
        7.509511709213256e-13,
        4.0722999307844377e-13,
        3.496024012565613e-13,
        1.4033757978015476e-13,
        1.28847426838345e-13
      ],
      "y_abserr": [
        2.6968277483655346e-14,
        1.5112576239041775e-14,
        2.3607412288684322e-14,
        8.178280422097483e-14,
        1.1555878432086162e-14,
        1.3253740103835431e-14
      ],
      "y_relerr": [
        0.018904525506702463,
        0.020124579099464596,
        0.057970711121311934,
        0.23393089957913996,
        0.08234343538052298,
        0.10286383227865221
      ]
    }
  }
}