{
  "Axis: None": {
    "Label: Ideal scaling": {
      "x_data": [
        1.0,
        2.0,
        3.0,
        4.0,
        5.0,
        6.0,
        7.0
      ],
      "y_data": [
        0.032538979999999995,
        0.016269489999999998,
        0.008134744999999999,
        0.004067372499999999,
        0.0020336862499999997,
        0.0010168431249999998,
        0.0005084215624999999
      ]
    },
    "Label: A400": {
      "x_data": [
        0.0,
        1.0,
        2.0,
        3.0,
        4.0,
        5.0,
        6.0,
        7.0
      ],
      "y_data": [
        NaN,
        0.032538979999999995,
        0.014958296,
        0.0075474228,
        0.0036907211999999993,
        0.001984642,
        0.00104576796,
        0.00060516985
      ],
      "y_abserr": [
        0.0,
        0.00014876934787336622,
        0.00020812944269372373,
        0.00012919026532795213,
        7.344373057273166e-05,
        3.99462888722678e-05,
        1.9574225657947924e-05,
        1.3025978879728446e-05
      ],
      "y_relerr": [
        NaN,
        0.004572034767941904,
        0.013913980756479464,
        0.017117136372425318,
        0.019899560707195025,
        0.020127705083469866,
        0.018717561071528645,
        0.02152450073269256
      ]
    },
    "Label: D300": {
      "x_data": [
        0.0,
        1.0,
        2.0,
        3.0,
        4.0,
        5.0,
        6.0,
        7.0
      ],
      "y_data": [
        NaN,
        0.51619392,
        0.26173796000000005,
        0.13072435999999998,
        0.064448256,
        0.032786420000000004,
        0.015199576000000001,
        0.007592708000000001
      ],
      "y_abserr": [
        0.0,
        0.0038968392576206323,
        0.0017868304438119847,
        0.001355996314990077,
        0.0006862954600869802,
        0.00011638411289060609,
        0.00020419313972152285,
        0.00014397835903649583
      ],
      "y_relerr": [
        NaN,
        0.007549176979110162,
        0.0068267913596177805,
        0.010372942846995595,
        0.01064878249129007,
        0.0035497658143403906,
        0.013434133933836235,
        0.01896271515202426
      ]
    },
    "Label: G8": {
      "x_data": [
        0.0,
        1.0,
        2.0,
        3.0,
        4.0,
        5.0,
        6.0,
        7.0
      ],
      "y_data": [
        0.54723876,
        0.25958192,
        0.13030603999999998,
        0.06356476800000001,
        0.030669528,
        0.014642068,
        0.00732789,
        0.0036766843999999996
      ],
      "y_abserr": [
        0.0030360225544177567,
        0.00187779815379609,
        0.0010795941328110297,
        0.0007403363608234659,
        0.00012064687957285378,
        0.00019972486806604735,
        0.00011440031288418751,
        6.953916896272681e-05
      ],
      "y_relerr": [
        0.005547893856088989,
        0.0072339327553940964,
        0.008285065932561758,
        0.01164696079475136,
        0.0039337703394996424,
        0.013640482209620072,
        0.01561163075376234,
        0.018913554006084073
      ]
    }
  }
}