{
  "Axis: None": {
    "Label: Native to Dual": {
      "x_data": [
        "('G8', 2, True, False, 32)",
        "('G8', 4, True, False, 32)",
        "('G8', 8, True, False, 32)",
        "('D300', 4, True, False, 32)",
        "('D300', 8, True, False, 32)",
        "('A400', 2, True, False, 32)",
        "('A400', 4, True, False, 32)"
      ],
      "y_data": [
        5.0545187974746275,
        4.646151650660737,
        3.378816980493298,
        5.989982065072208,
        5.381761485381108,
        4.665253068356555,
        2.8711612037544425
      ],
      "y_abserr": [
        0.00545577688677732,
        0.007203157656450091,
        0.006148998815741195,
        0.013139489008936042,
        0.03504078438217253,
        0.03896233016387191,
        0.010128832662149902
      ],
      "y_relerr": [
        0.0010793860118797406,
        0.0015503492348179634,
        0.0018198673829452159,
        0.002193577354021284,
        0.006511025149917272,
        0.00835160056549672,
        0.0035277826437975844
      ]
    },
    "Label: Dual to Native": {
      "x_data": [
        "('G8', 2, True, False, 32)",
        "('G8', 4, True, False, 32)",
        "('G8', 8, True, False, 32)",
        "('D300', 4, True, False, 32)",
        "('D300', 8, True, False, 32)",
        "('A400', 2, True, False, 32)",
        "('A400', 4, True, False, 32)"
      ],
      "y_data": [
        5.812663592535808,
        5.550529773987237,
        4.002237615324159,
        7.035433298448923,
        6.177865028613662,
        4.776348992642153,
        3.027899189024134
      ],
      "y_abserr": [
        0.01970490559861632,
        0.010915425747284675,
        0.008168434030890858,
        0.01581682306522752,
        0.04054559944687527,
        0.03926185275688436,
        0.010397582122388706
      ],
      "y_relerr": [
        0.0033899958745109387,
        0.0019665556607659724,
        0.002040966783085232,
        0.002248166160386255,
        0.0065630439090337105,
        0.00822005528016614,
        0.0034339261227979514
      ]
    },
    "Label: Host to Device": {
      "x_data": [
        "('G8', 2, True, False, 32)",
        "('G8', 4, True, False, 32)",
        "('G8', 8, True, False, 32)",
        "('D300', 4, True, False, 32)",
        "('D300', 8, True, False, 32)",
        "('A400', 2, True, False, 32)",
        "('A400', 4, True, False, 32)"
      ],
      "y_data": [
        7.590110703688374,
        7.17744538756738,
        5.603333440097647,
        9.222609732403276,
        8.441740017915068,
        6.986470659748134,
        4.2809397390319495
      ],
      "y_abserr": [
        0.0,
        0.027930795589948442,
        0.025078019969646207,
        0.05310900412685259,
        0.07792227792533579,
        0.060083633881807604,
        0.030306564017063387
      ],
      "y_relerr": [
        0.0,
        0.0038914675182801922,
        0.004475553746308765,
        0.005758565706218295,
        0.009230594375089623,
        0.008599998025895044,
        0.007079418507282381
      ]
    },
    "Label: Device to Host": {
      "x_data": [
        "('G8', 2, True, False, 32)",
        "('G8', 4, True, False, 32)",
        "('G8', 8, True, False, 32)",
        "('D300', 4, True, False, 32)",
        "('D300', 8, True, False, 32)",
        "('A400', 2, True, False, 32)",
        "('A400', 4, True, False, 32)"
      ],
      "y_data": [
        7.843697351622664,
        4.833377243195488,
        3.5864535921447853,
        9.601563566124417,
        6.582739614448365,
        4.7701666900948725,
        2.9536809776997486
      ],
      "y_abserr": [
        0.0,
        0.044120603227816524,
        0.11577300875407882,
        0.03191898562086996,
        0.3797988056916165,
        0.05700014363891163,
        0.026493620587588126
      ],
      "y_relerr": [
        0.0,
        0.009128317738891636,
        0.032280637621423615,
        0.003324352893260463,
        0.057696161163355346,
        0.011949298073224767,
        0.008969696046260448
      ]
    },
    "Label: Solver": {
      "x_data": [
        "('G8', 2, True, False, 32)",
        "('G8', 4, True, False, 32)",
        "('G8', 8, True, False, 32)",
        "('D300', 4, True, False, 32)",
        "('D300', 8, True, False, 32)",
        "('A400', 2, True, False, 32)",
        "('A400', 4, True, False, 32)"
      ],
      "y_data": [
        73.4806662041868,
        77.7926805693892,
        83.03403720115443,
        68.31754228701952,
        73.4759559250695,
        78.30005543420575,
        86.72168095069463
      ],
      "y_abserr": [
        0.0,
        0.12829247613072214,
        0.13861810353873613,
        0.21693660078052607,
        0.7875489154892455,
        1.0486619158959212,
        0.3564348435183053
      ],
      "y_relerr": [
        0.0,
        0.0016491587022289113,
        0.0016694130288152352,
        0.0031754157646526533,
        0.010718457563075259,
        0.013392863007320533,
        0.004110100722343647
      ]
    }
  }
}