{
  "Axis: None": {
    "Label: G8, 4 Nodes": {
      "x_data": [
        0.0,
        1.0,
        2.0,
        3.0,
        4.0,
        5.0,
        6.0,
        7.0,
        8.0,
        9.0,
        10.0,
        11.0,
        12.0,
        13.0,
        14.0,
        15.0,
        16.0,
        17.0,
        18.0
      ],
      "y_data": [
        6.1687866846720384e-12,
        5.90891440709432e-12,
        NaN,
        6.2350657251146105e-12,
        6.007239553663465e-12,
        NaN,
        6.030719810061984e-12,
        7.274680667453343e-12,
        7.233786582946777e-12,
        NaN,
        NaN,
        NaN,
        NaN,
        4.56740591261122e-12,
        6.891441345214843e-12,
        NaN,
        NaN,
        NaN,
        NaN
      ],
      "y_abserr": [
        1.1225112662961749e-13,
        1.1618424741058222e-13,
        0.0,
        7.820361447546111e-14,
        1.1417256574953476e-13,
        0.0,
        1.0544775962535408e-13,
        2.0686900444397095e-13,
        2.1749398650017719e-13,
        0.0,
        0.0,
        0.0,
        0.0,
        2.6376525292779898e-14,
        2.2458621417264204e-13,
        0.0,
        0.0,
        0.0,
        0.0
      ],
      "y_relerr": [
        0.018196629640077316,
        0.01966253687328588,
        NaN,
        0.012542548534887113,
        0.019005828672157343,
        NaN,
        0.017485103428187668,
        0.028436850206978205,
        0.03006640906615995,
        NaN,
        NaN,
        NaN,
        NaN,
        0.005774946610274067,
        0.032589149776133,
        NaN,
        NaN,
        NaN,
        NaN
      ]
    },
    "Label: D300, 4 Nodes": {
      "x_data": [
        0.0,
        1.0,
        2.0,
        3.0,
        4.0,
        5.0,
        6.0,
        7.0,
        8.0,
        9.0,
        10.0,
        11.0,
        12.0,
        13.0,
        14.0,
        15.0,
        16.0,
        17.0,
        18.0
      ],
      "y_data": [
        1.0575010820671363e-11,
        NaN,
        1.0449777709113228e-11,
        NaN,
        NaN,
        NaN,
        NaN,
        NaN,
        NaN,
        NaN,
        NaN,
        1.2617027759552001e-11,
        1.2602792845831976e-11,
        8.931133482191298e-12,
        NaN,
        1.2165399392445882e-11,
        1.1906674173143173e-11,
        1.271434360080295e-11,
        1.2693417072296141e-11
      ],
      "y_abserr": [
        1.5900631378430873e-13,
        0.0,
        1.7676670784048233e-13,
        0.0,
        0.0,
        0.0,
        0.0,
        0.0,
        0.0,
        0.0,
        0.0,
        3.283681776898467e-13,
        3.919112884045932e-13,
        1.2771398422949118e-13,
        0.0,
        2.3138328544766105e-13,
        2.0379591680971708e-13,
        3.3020514515169237e-13,
        3.206103630262263e-13
      ],
      "y_relerr": [
        0.015036042655719391,
        NaN,
        0.016915834265672895,
        NaN,
        NaN,
        NaN,
        NaN,
        NaN,
        NaN,
        NaN,
        NaN,
        0.026025794977049828,
        0.03109717768107305,
        0.014299862887969727,
        NaN,
        0.019019785375179607,
        0.01711610764233403,
        0.025971072948731612,
        0.02525800272693871
      ]
    },
    "Label: A400, 2 Nodes": {
      "x_data": [
        0.0,
        1.0,
        2.0,
        3.0,
        4.0,
        5.0,
        6.0,
        7.0,
        8.0,
        9.0,
        10.0,
        11.0,
        12.0,
        13.0,
        14.0,
        15.0,
        16.0,
        17.0,
        18.0
      ],
      "y_data": [
        1.1766466564602324e-11,
        NaN,
        1.2690464655558266e-11,
        NaN,
        1.2985211478339302e-11,
        1.3801792992485894e-11,
        NaN,
        NaN,
        1.472501648796929e-11,
        1.3017693625556096e-11,
        1.5035456551445857e-11,
        NaN,
        1.5777833726671007e-11,
        1.1278301874796549e-11,
        NaN,
        1.1081886291503906e-11,
        1.2524547576904297e-11,
        1.1064663992987739e-11,
        NaN
      ],
      "y_abserr": [
        1.209577310004204e-13,
        0.0,
        3.0704222654678685e-13,
        0.0,
        2.879958880640032e-13,
        3.5680077290399097e-13,
        0.0,
        0.0,
        4.707802894737568e-13,
        1.83901037409008e-13,
        4.676550159452283e-13,
        0.0,
        6.105880860528111e-13,
        1.9463169644296193e-13,
        0.0,
        1.2441949252018483e-13,
        2.4516265271094855e-13,
        1.6843606491456014e-13,
        0.0
      ],
      "y_relerr": [
        0.010279868670540726,
        NaN,
        0.024194719017818323,
        NaN,
        0.022178759933514418,
        0.025851769628644907,
        NaN,
        NaN,
        0.031971460939170845,
        0.014127006111741398,
        0.031103479588071244,
        NaN,
        0.03869910766144448,
        0.01725718096603731,
        NaN,
        0.011227284710146584,
        0.01957457155283094,
        0.015222881148610293,
        NaN
      ]
    }
  }
}