{
  "Axis: None": {
    "Label: test": {
      "x_data": [
        0.0,
        1.0,
        2.0,
        3.0,
        4.0,
        5.0,
        6.0,
        7.0,
        8.0
      ],
      "y_data": [
        0.1862908,
        0.181412,
        0.1882922,
        0.13793039999999998,
        0.182121,
        0.21845239999999996,
        0.1784428,
        0.20811380000000002,
        0.2196876
      ],
      "y_abserr": [
        0.0016376489672698502,
        0.0014260491576379819,
        0.0009365972667053836,
        0.0002047307011661915,
        0.0013753686051382749,
        0.0022014379982184373,
        0.0014303227398038516,
        0.0009743131632078063,
        0.0015751220460649988
      ],
      "y_relerr": [
        0.00879082041233303,
        0.007860831464500595,
        0.004974169225838264,
        0.0014843044112551802,
        0.0075519495562745365,
        0.010077426470107162,
        0.008015581126298464,
        0.004681636504680642,
        0.007169826818013391
      ]
    }
  }
}