{
  "Axis: A400 (2 GH200 nodes)": {
    "Label: Energy": {
      "x_data": [
        1.0,
        2.0,
        4.0,
        6.0,
        8.0,
        10.0,
        12.0,
        14.0,
        16.0,
        20.0,
        24.0,
        28.0,
        32.0,
        40.0,
        48.0
      ],
      "y_data": [
        227.25,
        174.325,
        153.25986842105263,
        148.4647766323024,
        139.0008116883117,
        144.03799999999998,
        141.66794217687075,
        147.25714285714287,
        137.073046875,
        136.96531249999998,
        136.21145833333333,
        141.3776785714286,
        137.9009765625,
        135.46875,
        135.801171875
      ],
      "y_abserr": [
        10.557353013270683,
        6.526400388194631,
        4.121621265887766,
        2.2109117091735766,
        3.204049059503961,
        4.075870524269907,
        2.5953953336875584,
        4.3931941523248135,
        3.7726709945191836,
        3.3578695862933223,
        2.9884041459259594,
        2.4811963362183094,
        1.8605276721736,
        1.6246525146225057,
        1.4737625169052295
      ],
      "y_relerr": [
        0.04645699895828684,
        0.0374381206837495,
        0.026893023648985447,
        0.014891826595673029,
        0.023050578054814214,
        0.02829718910474949,
        0.018320272701125552,
        0.02983348764675368,
        0.027523069491258684,
        0.024516204322122235,
        0.021939447550827995,
        0.017550127865232478,
        0.013491765747796314,
        0.011992821330546756,
        0.010852354928584666
      ]
    }
  },
  "Axis: Unknown axis (0, 0) id(ax) = 139966036647120": {
    "Label: Power/Node": {
      "x_data": [
        1.0,
        2.0,
        4.0,
        6.0,
        8.0,
        10.0,
        12.0,
        14.0,
        16.0,
        20.0,
        24.0,
        28.0,
        32.0,
        40.0,
        48.0
      ],
      "y_data": [
        1.6945790255697664,
        1.7852312328020894,
        1.9008373784541808,
        1.9806255723217785,
        1.9376030161824545,
        1.9964261673099584,
        2.0128269569977704,
        2.013932106901521,
        1.9492685875121687,
        1.9383075470263627,
        1.9658291206311407,
        2.0063889426003874,
        1.9984852108561497,
        1.9895522471210039,
        1.997508794830679
      ],
      "y_abserr": [
        0.07091860746265638,
        0.04443344153122025,
        0.03661224759996665,
        0.023023859190433264,
        0.040398683672658545,
        0.04984138608302472,
        0.025400782382349253,
        0.03946667952234252,
        0.04152554895804454,
        0.03798939755999374,
        0.04334511356713902,
        0.02086093498501109,
        0.01166906730312048,
        0.017690848228207694,
        0.011395380426877749
      ],
      "y_relerr": [
        0.04185028044874537,
        0.024889460096145507,
        0.019261115135341487,
        0.011624538990195738,
        0.020849824930729982,
        0.024965303951201175,
        0.012619456577745639,
        0.019596827215323995,
        0.021303143765858953,
        0.01959926205636192,
        0.0220492783997537,
        0.010397253763756395,
        0.005838956045174565,
        0.008891874166062925,
        0.00570479612223369
      ]
    }
  }
}