{
  "Axis: None": {
    "Label: D300 (16 GH200 nodes)": {
      "x_data": [
        1.0,
        2.0,
        3.0,
        4.0,
        5.0,
        6.0,
        7.0,
        8.0,
        9.0,
        10.0,
        11.0,
        12.0,
        13.0,
        14.0,
        15.0,
        16.0
      ],
      "y_data": [
        1.0,
        0.9977369876791549,
        1.252525252525252,
        1.2466226830034557,
        1.1188450631606082,
        1.2372505543237247,
        1.10068475779863,
        1.2145699418426688,
        1.3234509338867475,
        1.2216748768472903,
        1.2827586206896548,
        1.3052631578947365,
        1.2089999999999996,
        1.216822429906542,
        1.2946635730858467,
        1.206079027355623
      ],
      "y_abserr": [
        0.0,
        0.010888573183896516,
        0.018022915706381322,
        0.02462438113358663,
        0.016972461317108462,
        0.023114991217962472,
        0.02507623920865358,
        0.024921241287063384,
        0.05495712243016978,
        0.030383660903558228,
        0.03026476506148745,
        0.042804683602916824,
        0.04948241896362721,
        0.04946920470709124,
        0.05722780568238621,
        0.05597334107320585
      ],
      "y_relerr": [
        0.0,
        0.01091327004847693,
        0.014389263346223804,
        0.01975287428130198,
        0.015169626140337266,
        0.018682546665414117,
        0.022782398893944955,
        0.020518572400412324,
        0.041525621406129636,
        0.02487049662670291,
        0.023593499644707965,
        0.032793910824815316,
        0.04092838623955933,
        0.040654415542694035,
        0.04420283915610835,
        0.04640934781523368
      ]
    },
    "Label: A400 (2 GH200 nodes)": {
      "x_data": [
        1.0,
        2.0,
        4.0,
        6.0,
        8.0,
        10.0,
        12.0,
        14.0,
        16.0,
        20.0,
        24.0,
        28.0,
        32.0,
        40.0,
        48.0
      ],
      "y_data": [
        1.0,
        1.3494988207547174,
        1.7032558139534886,
        1.8280750798722047,
        1.7326709250059147,
        1.9220272085992611,
        1.9730603448275865,
        1.8965670316661738,
        1.9411608799363902,
        1.9768948391276184,
        2.0000000000000004,
        1.966099094953214,
        2.022366422753003,
        1.5157284768211923,
        1.6953703703703706
      ],
      "y_abserr": [
        2.593192112681224e-18,
        0.03504578719865112,
        0.04569515324419523,
        0.04111230239240622,
        0.08038800575681833,
        0.04939006048598016,
        0.051828196968785774,
        0.08955160203205595,
        0.0901765016953075,
        0.08720648773215983,
        0.0772779418224294,
        0.09697250710041073,
        0.09410551511413964,
        0.030936951079129194,
        0.03460355268850747
      ],
      "y_relerr": [
        2.593192112681224e-18,
        0.025969483381283354,
        0.026828121101862296,
        0.022489394907828544,
        0.04639542604233629,
        0.025696858121990244,
        0.026267922876588308,
        0.04721773632929968,
        0.046454934584434074,
        0.04411286124387025,
        0.038638970911214696,
        0.049322288662524576,
        0.0465323761586369,
        0.020410615457994573,
        0.020410615457994573
      ]
    }
  }
}