{
  "Axis: Unknown axis (0, 0) id(ax) = 139680814492368": {
    "Label: ideal scaling": {
      "x_data": [
        8.0,
        16.0,
        32.0,
        64.0,
        128.0,
        256.0
      ],
      "y_data": [
        1.0,
        2.0,
        4.0,
        8.0,
        16.0,
        32.0
      ]
    },
    "Label: C380": {
      "x_data": [
        8.0,
        16.0,
        32.0,
        64.0,
        128.0,
        256.0
      ],
      "y_data": [
        1.0,
        1.529449838187702,
        2.2614604268351033,
        3.120707871104067,
        2.6974885844748853,
        1.8489827856025036
      ],
      "y_abserr": [
        5.473473325597169e-19,
        0.010567866177174815,
        0.06374592548141522,
        0.04870797642825224,
        0.0648335043830303,
        0.01573185723657299
      ],
      "y_relerr": [
        5.473473325597169e-19,
        0.006909586645677144,
        0.02818794648139263,
        0.01560798973824486,
        0.024034765061165704,
        0.008508384912543496
      ]
    },
    "Label: G8": {
      "x_data": [
        8.0,
        16.0,
        32.0,
        64.0,
        128.0,
        256.0
      ],
      "y_data": [
        1.0,
        1.7909647779479325,
        2.8629130966952263,
        3.815660685154976,
        4.252727272727273,
        4.067826086956522
      ],
      "y_abserr": [
        3.5183681895942845e-18,
        0.04870743570204807,
        0.06543334768947363,
        0.08881492745846083,
        0.13878366619919016,
        0.10162993266944907
      ],
      "y_relerr": [
        3.5183681895942845e-18,
        0.027196199669463354,
        0.02285551306639588,
        0.023276421775133168,
        0.0326340386530802,
        0.024983844072224544
      ]
    },
    "Label: D300": {
      "x_data": [
        16.0,
        32.0,
        64.0,
        128.0
      ],
      "y_data": [
        1.0,
        1.8385715509120488,
        2.6287498469450226,
        3.4647164513109616
      ],
      "y_abserr": [
        1.5327004175104091e-18,
        0.027218869325493743,
        0.04938487827282036,
        0.138151521389843
      ],
      "y_relerr": [
        1.5327004175104091e-18,
        0.014804356845395245,
        0.018786450270349055,
        0.03987383190840045
      ]
    }
  },
  "Axis: Unknown axis (0, 1) id(ax) = 139680819167888": {
    "Label: ideal scaling": {
      "x_data": [
        8.0,
        16.0,
        32.0,
        64.0,
        128.0,
        256.0
      ],
      "y_data": [
        1.9691666666666663,
        0.9845833333333331,
        0.49229166666666657,
        0.24614583333333329,
        0.12307291666666664,
        0.06153645833333332
      ]
    },
    "Label: C380": {
      "x_data": [
        8.0,
        16.0,
        32.0,
        64.0,
        128.0,
        256.0
      ],
      "y_data": [
        1.9691666666666663,
        1.2875,
        0.87075,
        0.631,
        0.73,
        1.065
      ],
      "y_abserr": [
        0.004930066485916352,
        0.008291561975888507,
        0.024447648148646143,
        0.0097211110476118,
        0.017449928366615162,
        0.008660254037844393
      ],
      "y_relerr": [
        0.002503630885780628,
        0.006440048136612432,
        0.0280765410837165,
        0.015405881216500474,
        0.02390401146111666,
        0.008131693932248257
      ]
    },
    "Label: G8": {
      "x_data": [
        8.0,
        16.0,
        32.0,
        64.0,
        128.0,
        256.0
      ],
      "y_data": [
        5.8475,
        3.265,
        2.0425,
        1.5324999999999998,
        1.375,
        1.4375
      ],
      "y_abserr": [
        0.1267625733408722,
        0.053619026473817916,
        0.014790199457749025,
        0.01299038105676659,
        0.033541019662496785,
        0.01785357107135714
      ],
      "y_relerr": [
        0.021678080092496315,
        0.01642236645446184,
        0.007241223724724125,
        0.008476594490549163,
        0.024393468845452206,
        0.01241987552790062
      ]
    },
    "Label: D300": {
      "x_data": [
        16.0,
        32.0,
        64.0,
        128.0
      ],
      "y_data": [
        3.2365326633165825,
        1.76035175879397,
        1.2312060301507537,
        0.9341407035175879
      ],
      "y_abserr": [
        0.02761067611668193,
        0.02129894621740642,
        0.020607671982584674,
        0.036385295797324926
      ],
      "y_relerr": [
        0.00853094313850933,
        0.012099255794193362,
        0.016737793251436067,
        0.03895055173199598
      ]
    }
  },
  "Axis: iteration count": {
    "Label: C380": {
      "x_data": [
        8.0,
        16.0,
        32.0,
        64.0,
        128.0,
        256.0
      ],
      "y_data": [
        31.0,
        31.0,
        31.0,
        31.0,
        29.0,
        34.6
      ],
      "y_abserr": [
        0.0,
        0.0,
        0.0,
        0.0,
        0.0,
        0.4898979485566356
      ],
      "y_relerr": [
        0.0,
        0.0,
        0.0,
        0.0,
        0.0,
        0.014158900247301607
      ]
    },
    "Label: G8": {
      "x_data": [
        8.0,
        16.0,
        32.0,
        64.0,
        128.0,
        256.0
      ],
      "y_data": [
        53.7,
        54.2,
        53.4,
        53.6,
        53.8,
        53.2
      ],
      "y_abserr": [
        1.1874342087037917,
        0.7483314773547882,
        0.4898979485566356,
        0.4898979485566356,
        1.16619037896906,
        0.7483314773547882
      ],
      "y_relerr": [
        0.02211236887716558,
        0.0138068538257341,
        0.009174118886828382,
        0.009139887099937231,
        0.021676401096079184,
        0.014066381153285491
      ]
    },
    "Label: D300": {
      "x_data": [
        16.0,
        32.0,
        64.0,
        128.0
      ],
      "y_data": [
        30.115,
        29.815,
        30.505,
        29.995
      ],
      "y_abserr": [
        0.3190219428189854,
        0.38829756630707846,
        0.4999749993749687,
        0.0705336798983294
      ],
      "y_relerr": [
        0.010593456510675258,
        0.013023564189403938,
        0.016389936055563634,
        0.002351514582374709
      ]
    }
  },
  "Axis: Gflops": {
    "Label: C380": {
      "x_data": [
        8.0,
        16.0,
        32.0,
        64.0,
        128.0,
        256.0
      ],
      "y_data": [
        35440.0,
        78420.0,
        58900.0,
        49620.0,
        65080.0,
        118800.0
      ],
      "y_abserr": [
        80.0,
        85790.03205501208,
        47050.05844842278,
        28190.09755215473,
        19960.0,
        18648.324321504064
      ],
      "y_relerr": [
        0.002257336343115124,
        1.0939815360241276,
        0.7988125373246652,
        0.5681196604626104,
        0.30669944683466505,
        0.1569724269486874
      ]
    },
    "Label: G8": {
      "x_data": [
        8.0,
        16.0,
        32.0,
        64.0,
        128.0,
        256.0
      ],
      "y_data": [
        111400.0,
        112400.0,
        110800.0,
        111200.0,
        111600.0,
        110400.0
      ],
      "y_abserr": [
        2374.8684174075834,
        1496.6629547095765,
        979.7958971132713,
        979.7958971132713,
        2332.38075793812,
        1496.6629547095765
      ],
      "y_relerr": [
        0.02131838794800344,
        0.013315506714498012,
        0.008842923259145048,
        0.008811114182673304,
        0.02089946915715161,
        0.013556729662224425
      ]
    },
    "Label: D300": {
      "x_data": [
        16.0,
        32.0,
        64.0,
        128.0
      ],
      "y_data": [
        119325.0,
        116645.0,
        120735.0,
        117820.0
      ],
      "y_abserr": [
        1220.3995247458924,
        1434.9128893420673,
        1916.9702658100882,
        6787.311691678819
      ],